
/**
province
**/
INSERT INTO province VALUES ('320000','江苏省');

INSERT INTO city VALUES ('320100','南京市','320000');
INSERT INTO city VALUES ('320200','无锡市','320000');
INSERT INTO city VALUES ('320300','徐州市','320000');
INSERT INTO city VALUES ('320400','常州市','320000');
INSERT INTO city VALUES ('320500','苏州市','320000');
INSERT INTO city VALUES ('320600','南通市','320000');
INSERT INTO city VALUES ('320700','连云港市','320000');
INSERT INTO city VALUES ('320800','淮安市','320000');
INSERT INTO city VALUES ('320900','盐城市','320000');
INSERT INTO city VALUES ('321000','扬州市','320000');
INSERT INTO city VALUES ('321100','镇江市','320000');
INSERT INTO city VALUES ('321200','泰州市','320000');
INSERT INTO city VALUES ('321300','宿迁市','320000');


INSERT INTO district(code,name,city_id) VALUES ('320101','市辖区','320100');
INSERT INTO district(code,name,city_id) VALUES ('320102','玄武区','320100');
INSERT INTO district(code,name,city_id) VALUES ('320103','白下区','320100');
INSERT INTO district(code,name,city_id) VALUES ('320104','秦淮区','320100');
INSERT INTO district(code,name,city_id) VALUES ('320105','建邺区','320100');
INSERT INTO district(code,name,city_id) VALUES ('320106','鼓楼区','320100');
INSERT INTO district(code,name,city_id) VALUES ('320107','下关区','320100');
INSERT INTO district(code,name,city_id) VALUES ('320111','浦口区','320100');
INSERT INTO district(code,name,city_id) VALUES ('320113','栖霞区','320100');
INSERT INTO district(code,name,city_id) VALUES ('320114','雨花台区','320100');
INSERT INTO district(code,name,city_id) VALUES ('320115','江宁区','320100');
INSERT INTO district(code,name,city_id) VALUES ('320116','六合区','320100');
INSERT INTO district(code,name,city_id) VALUES ('320124','溧水县','320100');
INSERT INTO district(code,name,city_id) VALUES ('320125','高淳县','320100');

INSERT INTO district(code,name,city_id) VALUES ('320201','市辖区','320200');
INSERT INTO district(code,name,city_id) VALUES ('320202','崇安区','320200');
INSERT INTO district(code,name,city_id) VALUES ('320203','南长区','320200');
INSERT INTO district(code,name,city_id) VALUES ('320204','北塘区','320200');
INSERT INTO district(code,name,city_id) VALUES ('320205','锡山区','320200');
INSERT INTO district(code,name,city_id) VALUES ('320206','惠山区','320200');
INSERT INTO district(code,name,city_id) VALUES ('320211','滨湖区','320200');
INSERT INTO district(code,name,city_id) VALUES ('320281','江阴市','320200');
INSERT INTO district(code,name,city_id) VALUES ('320282','宜兴市','320200');
INSERT INTO district(code,name,city_id) VALUES ('320301','市辖区','320300');
INSERT INTO district(code,name,city_id) VALUES ('320302','鼓楼区','320300');
INSERT INTO district(code,name,city_id) VALUES ('320303','云龙区','320300');
INSERT INTO district(code,name,city_id) VALUES ('320304','九里区','320300');
INSERT INTO district(code,name,city_id) VALUES ('320305','贾汪区','320300');
INSERT INTO district(code,name,city_id) VALUES ('320311','泉山区','320300');
INSERT INTO district(code,name,city_id) VALUES ('320321','丰　县','320300');
INSERT INTO district(code,name,city_id) VALUES ('320322','沛　县','320300');
INSERT INTO district(code,name,city_id) VALUES ('320323','铜山县','320300');
INSERT INTO district(code,name,city_id) VALUES ('320324','睢宁县','320300');
INSERT INTO district(code,name,city_id) VALUES ('320381','新沂市','320300');
INSERT INTO district(code,name,city_id) VALUES ('320382','邳州市','320300');
INSERT INTO district(code,name,city_id) VALUES ('320401','市辖区','320400');
INSERT INTO district(code,name,city_id) VALUES ('320402','天宁区','320400');
INSERT INTO district(code,name,city_id) VALUES ('320404','钟楼区','320400');
INSERT INTO district(code,name,city_id) VALUES ('320405','戚墅堰区','320400');
INSERT INTO district(code,name,city_id) VALUES ('320411','新北区','320400');
INSERT INTO district(code,name,city_id) VALUES ('320412','武进区','320400');
INSERT INTO district(code,name,city_id) VALUES ('320481','溧阳市','320400');
INSERT INTO district(code,name,city_id) VALUES ('320482','金坛市','320400');
INSERT INTO district(code,name,city_id) VALUES ('320501','市辖区','320500');
INSERT INTO district(code,name,city_id) VALUES ('320502','沧浪区','320500');
INSERT INTO district(code,name,city_id) VALUES ('320503','平江区','320500');
INSERT INTO district(code,name,city_id) VALUES ('320504','金阊区','320500');
INSERT INTO district(code,name,city_id) VALUES ('320505','虎丘区','320500');
INSERT INTO district(code,name,city_id) VALUES ('320506','吴中区','320500');
INSERT INTO district(code,name,city_id) VALUES ('320507','相城区','320500');
INSERT INTO district(code,name,city_id) VALUES ('320581','常熟市','320500');
INSERT INTO district(code,name,city_id) VALUES ('320582','张家港市','320500');
INSERT INTO district(code,name,city_id) VALUES ('320583','昆山市','320500');
INSERT INTO district(code,name,city_id) VALUES ('320584','吴江市','320500');
INSERT INTO district(code,name,city_id) VALUES ('320585','太仓市','320500');
INSERT INTO district(code,name,city_id) VALUES ('320601','市辖区','320600');
INSERT INTO district(code,name,city_id) VALUES ('320602','崇川区','320600');
INSERT INTO district(code,name,city_id) VALUES ('320611','港闸区','320600');
INSERT INTO district(code,name,city_id) VALUES ('320621','海安县','320600');
INSERT INTO district(code,name,city_id) VALUES ('320623','如东县','320600');
INSERT INTO district(code,name,city_id) VALUES ('320681','启东市','320600');
INSERT INTO district(code,name,city_id) VALUES ('320682','如皋市','320600');
INSERT INTO district(code,name,city_id) VALUES ('320683','通州市','320600');
INSERT INTO district(code,name,city_id) VALUES ('320684','海门市','320600');
INSERT INTO district(code,name,city_id) VALUES ('320701','市辖区','320700');
INSERT INTO district(code,name,city_id) VALUES ('320703','连云区','320700');
INSERT INTO district(code,name,city_id) VALUES ('320705','新浦区','320700');
INSERT INTO district(code,name,city_id) VALUES ('320706','海州区','320700');
INSERT INTO district(code,name,city_id) VALUES ('320721','赣榆县','320700');
INSERT INTO district(code,name,city_id) VALUES ('320722','东海县','320700');
INSERT INTO district(code,name,city_id) VALUES ('320723','灌云县','320700');
INSERT INTO district(code,name,city_id) VALUES ('320724','灌南县','320700');
INSERT INTO district(code,name,city_id) VALUES ('320801','市辖区','320800');
INSERT INTO district(code,name,city_id) VALUES ('320802','清河区','320800');
INSERT INTO district(code,name,city_id) VALUES ('320803','楚州区','320800');
INSERT INTO district(code,name,city_id) VALUES ('320804','淮阴区','320800');
INSERT INTO district(code,name,city_id) VALUES ('320811','清浦区','320800');
INSERT INTO district(code,name,city_id) VALUES ('320826','涟水县','320800');
INSERT INTO district(code,name,city_id) VALUES ('320829','洪泽县','320800');
INSERT INTO district(code,name,city_id) VALUES ('320830','盱眙县','320800');
INSERT INTO district(code,name,city_id) VALUES ('320831','金湖县','320800');
INSERT INTO district(code,name,city_id) VALUES ('320901','市辖区','320900');
INSERT INTO district(code,name,city_id) VALUES ('320902','亭湖区','320900');
INSERT INTO district(code,name,city_id) VALUES ('320903','盐都区','320900');
INSERT INTO district(code,name,city_id) VALUES ('320921','响水县','320900');
INSERT INTO district(code,name,city_id) VALUES ('320922','滨海县','320900');
INSERT INTO district(code,name,city_id) VALUES ('320923','阜宁县','320900');
INSERT INTO district(code,name,city_id) VALUES ('320924','射阳县','320900');
INSERT INTO district(code,name,city_id) VALUES ('320925','建湖县','320900');
INSERT INTO district(code,name,city_id) VALUES ('320981','东台市','320900');
INSERT INTO district(code,name,city_id) VALUES ('320982','大丰市','320900');
INSERT INTO district(code,name,city_id) VALUES ('321001','市辖区','321000');
INSERT INTO district(code,name,city_id) VALUES ('321002','广陵区','321000');
INSERT INTO district(code,name,city_id) VALUES ('321003','邗江区','321000');
INSERT INTO district(code,name,city_id) VALUES ('321011','郊　区','321000');
INSERT INTO district(code,name,city_id) VALUES ('321023','宝应县','321000');
INSERT INTO district(code,name,city_id) VALUES ('321081','仪征市','321000');
INSERT INTO district(code,name,city_id) VALUES ('321084','高邮市','321000');
INSERT INTO district(code,name,city_id) VALUES ('321088','江都市','321000');
INSERT INTO district(code,name,city_id) VALUES ('321101','市辖区','321100');
INSERT INTO district(code,name,city_id) VALUES ('321102','京口区','321100');
INSERT INTO district(code,name,city_id) VALUES ('321111','润州区','321100');
INSERT INTO district(code,name,city_id) VALUES ('321112','丹徒区','321100');
INSERT INTO district(code,name,city_id) VALUES ('321181','丹阳市','321100');
INSERT INTO district(code,name,city_id) VALUES ('321182','扬中市','321100');
INSERT INTO district(code,name,city_id) VALUES ('321183','句容市','321100');
INSERT INTO district(code,name,city_id) VALUES ('321201','市辖区','321200');
INSERT INTO district(code,name,city_id) VALUES ('321202','海陵区','321200');
INSERT INTO district(code,name,city_id) VALUES ('321203','高港区','321200');
INSERT INTO district(code,name,city_id) VALUES ('321281','兴化市','321200');
INSERT INTO district(code,name,city_id) VALUES ('321282','靖江市','321200');
INSERT INTO district(code,name,city_id) VALUES ('321283','泰兴市','321200');
INSERT INTO district(code,name,city_id) VALUES ('321284','姜堰市','321200');
INSERT INTO district(code,name,city_id) VALUES ('321301','市辖区','321300');
INSERT INTO district(code,name,city_id) VALUES ('321302','宿城区','321300');
INSERT INTO district(code,name,city_id) VALUES ('321311','宿豫区','321300');
INSERT INTO district(code,name,city_id) VALUES ('321322','沭阳县','321300');
INSERT INTO district(code,name,city_id) VALUES ('321323','泗阳县','321300');
INSERT INTO district(code,name,city_id) VALUES ('321324','泗洪县','321300');

/**
middle_school
**/
INSERT INTO `middle_school` (`code`,`name`,`district_id`,`contact`,`tel`,`description`) VALUES ('32032403','睢宁县城北中学','320324','潘曙光','13952131160','');
INSERT INTO `middle_school` (`code`,`name`,`district_id`,`contact`,`tel`,`description`) VALUES ('32032404','睢宁县王集中学','320324','鲍光才','86779315','');
INSERT INTO `middle_school` (`code`,`name`,`district_id`,`contact`,`tel`,`description`) VALUES ('32032405','睢宁县魏集中学','320324','刘呈义','13585492606','');
INSERT INTO `middle_school` (`code`,`name`,`district_id`,`contact`,`tel`,`description`) VALUES ('32032406','睢宁县双沟中学','320324','','','');
INSERT INTO `middle_school` (`code`,`name`,`district_id`,`contact`,`tel`,`description`) VALUES ('32032407','睢宁县凌城中学','320324','','','');
INSERT INTO `middle_school` (`code`,`name`,`district_id`,`contact`,`tel`,`description`) VALUES ('32032408','睢宁县高作中学','320324','','','');
INSERT INTO `middle_school` (`code`,`name`,`district_id`,`contact`,`tel`,`description`) VALUES ('32032409','睢宁县古邳中学','320324','','','');
INSERT INTO `middle_school` (`code`,`name`,`district_id`,`contact`,`tel`,`description`) VALUES ('32032410','睢宁县文华中学','320324','','','');
INSERT INTO `middle_school` (`code`,`name`,`district_id`,`contact`,`tel`,`description`) VALUES ('32032411','睢宁县中等专业学校','320324','','','');
INSERT INTO `middle_school` (`code`,`name`,`district_id`,`contact`,`tel`,`description`) VALUES ('32032412','睢宁县菁华学校','320324','','','');
INSERT INTO `middle_school` (`code`,`name`,`district_id`,`contact`,`tel`,`description`) VALUES ('32032413','睢宁县树人高级中学','320324','','','');
INSERT INTO `middle_school` (`code`,`name`,`district_id`,`contact`,`tel`,`description`) VALUES ('32032414','睢宁县宁海外国语学校','320324','','','');
INSERT INTO `middle_school` (`code`,`name`,`district_id`,`contact`,`tel`,`description`) VALUES ('32032415','睢宁中学北校','320324','沙兴新','','');
INSERT INTO `middle_school` (`code`,`name`,`district_id`,`contact`,`tel`,`description`) VALUES ('32032416','睢宁县补习班','320324','','','');
INSERT INTO `middle_school` (`code`,`name`,`district_id`,`contact`,`tel`,`description`) VALUES ('32032417','东方补习中心','320324','','','');
INSERT INTO `middle_school` (`code`,`name`,`district_id`,`contact`,`tel`,`description`) VALUES ('32032418','睢宁新世纪中学','320324','','','');
INSERT INTO `middle_school` (`code`,`name`,`district_id`,`contact`,`tel`,`description`) VALUES ('32032419','睢宁县第二中学','320324','','','');
INSERT INTO `middle_school` (`code`,`name`,`district_id`,`contact`,`tel`,`description`) VALUES ('32032420','睢宁中学附属中学','320324','','','');
INSERT INTO `middle_school` (`code`,`name`,`district_id`,`contact`,`tel`,`description`) VALUES ('32032421','睢宁职业教育中心','320324','','','');
INSERT INTO `middle_school` (`code`,`name`,`district_id`,`contact`,`tel`,`description`) VALUES ('32032496','睢宁县往届生','320324','','','');
INSERT INTO `middle_school` (`code`,`name`,`district_id`,`contact`,`tel`,`description`) VALUES ('32032497','睢宁县应届中专生','320324','','','');
INSERT INTO `middle_school` (`code`,`name`,`district_id`,`contact`,`tel`,`description`) VALUES ('32032498','睢宁县应届职高生','320324','','','');
INSERT INTO `middle_school` (`code`,`name`,`district_id`,`contact`,`tel`,`description`) VALUES ('32032499','睢宁县外地生','320324','','','');
INSERT INTO `middle_school` (`code`,`name`,`district_id`,`contact`,`tel`,`description`) VALUES ('32038101','新沂市第一中学','320381','','','');
INSERT INTO `middle_school` (`code`,`name`,`district_id`,`contact`,`tel`,`description`) VALUES ('32038102','新沂市第二中学','320381','','','');
INSERT INTO `middle_school` (`code`,`name`,`district_id`,`contact`,`tel`,`description`) VALUES ('32038103','新沂市第三中学','320381','','','');
INSERT INTO `middle_school` (`code`,`name`,`district_id`,`contact`,`tel`,`description`) VALUES ('32038104','新沂市中等专业学校','320381','','','');
INSERT INTO `middle_school` (`code`,`name`,`district_id`,`contact`,`tel`,`description`) VALUES ('32038105','新沂市王楼中学','320381','','','');
INSERT INTO `middle_school` (`code`,`name`,`district_id`,`contact`,`tel`,`description`) VALUES ('32038106','新沂市棋盘中学','320381','','','');
INSERT INTO `middle_school` (`code`,`name`,`district_id`,`contact`,`tel`,`description`) VALUES ('32038107','新沂市高级中学','320381','','','');
INSERT INTO `middle_school` (`code`,`name`,`district_id`,`contact`,`tel`,`description`) VALUES ('32038108','新沂市高流中学','320381','','','');
INSERT INTO `middle_school` (`code`,`name`,`district_id`,`contact`,`tel`,`description`) VALUES ('32038109','新沂市瓦窑中学','320381','','','');
INSERT INTO `middle_school` (`code`,`name`,`district_id`,`contact`,`tel`,`description`) VALUES ('32038110','徐州市新沂卫生职工中等专业学校','320381','','','');
INSERT INTO `middle_school` (`code`,`name`,`district_id`,`contact`,`tel`,`description`) VALUES ('32038111','新沂职业教育中心','320381','','','');
INSERT INTO `middle_school` (`code`,`name`,`district_id`,`contact`,`tel`,`description`) VALUES ('32038116','新沂市启明中学','320381','','','');
INSERT INTO `middle_school` (`code`,`name`,`district_id`,`contact`,`tel`,`description`) VALUES ('32038117','新沂市东方中学','320381','','','');
INSERT INTO `middle_school` (`code`,`name`,`district_id`,`contact`,`tel`,`description`) VALUES ('32038118','新沂市钟吾中学','320381','','','');
INSERT INTO `middle_school` (`code`,`name`,`district_id`,`contact`,`tel`,`description`) VALUES ('32038156','新沂市菊园中学','320381','','','');
INSERT INTO `middle_school` (`code`,`name`,`district_id`,`contact`,`tel`,`description`) VALUES ('32038159','新沂市汇文高考复习中心','320381','','','');
INSERT INTO `middle_school` (`code`,`name`,`district_id`,`contact`,`tel`,`description`) VALUES ('32038196','新沂市往届生','320381','','','');
INSERT INTO `middle_school` (`code`,`name`,`district_id`,`contact`,`tel`,`description`) VALUES ('32038197','新沂市应届中专生','320381','','','');
INSERT INTO `middle_school` (`code`,`name`,`district_id`,`contact`,`tel`,`description`) VALUES ('32038198','新沂市应届职高生','320381','','','');
INSERT INTO `middle_school` (`code`,`name`,`district_id`,`contact`,`tel`,`description`) VALUES ('32038199','新沂市外地生','320381','','','');
INSERT INTO `middle_school` (`code`,`name`,`district_id`,`contact`,`tel`,`description`) VALUES ('32038200','邳州招办','320382','赵徽','18921768908','');
INSERT INTO `middle_school` (`code`,`name`,`district_id`,`contact`,`tel`,`description`) VALUES ('32038201','江苏省运河中学','320382','','','');
INSERT INTO `middle_school` (`code`,`name`,`district_id`,`contact`,`tel`,`description`) VALUES ('32038202','邳州市第二中学','320382','','','');
INSERT INTO `middle_school` (`code`,`name`,`district_id`,`contact`,`tel`,`description`) VALUES ('32038203','邳州市第三中学','320382','','','');
INSERT INTO `middle_school` (`code`,`name`,`district_id`,`contact`,`tel`,`description`) VALUES ('32038204','邳州市第四中学','320382','','','');
INSERT INTO `middle_school` (`code`,`name`,`district_id`,`contact`,`tel`,`description`) VALUES ('32038205','邳州市第五中学','320382','','','');
INSERT INTO `middle_school` (`code`,`name`,`district_id`,`contact`,`tel`,`description`) VALUES ('32038206','邳州市官湖高级中学','320382','','','');
INSERT INTO `middle_school` (`code`,`name`,`district_id`,`contact`,`tel`,`description`) VALUES ('32038207','邳州市铁富高级中学','320382','','','');
INSERT INTO `middle_school` (`code`,`name`,`district_id`,`contact`,`tel`,`description`) VALUES ('32038208','邳州市邳城中学','320382','','','');
INSERT INTO `middle_school` (`code`,`name`,`district_id`,`contact`,`tel`,`description`) VALUES ('32038209','邳州市岔河高级中学','320382','','','');
INSERT INTO `middle_school` (`code`,`name`,`district_id`,`contact`,`tel`,`description`) VALUES ('32038210','邳州市宿羊山高级中学','320382','','','');
INSERT INTO `middle_school` (`code`,`name`,`district_id`,`contact`,`tel`,`description`) VALUES ('32038211','邳州市八义集中学','320382','','','');
INSERT INTO `middle_school` (`code`,`name`,`district_id`,`contact`,`tel`,`description`) VALUES ('32038212','邳州市土山高级中学','320382','','','');
INSERT INTO `middle_school` (`code`,`name`,`district_id`,`contact`,`tel`,`description`) VALUES ('32038213','邳州市八路中学','320382','','','');
INSERT INTO `middle_school` (`code`,`name`,`district_id`,`contact`,`tel`,`description`) VALUES ('32038214','邳州市炮车中学','320382','','','');
INSERT INTO `middle_school` (`code`,`name`,`district_id`,`contact`,`tel`,`description`) VALUES ('32038215','邳州市新世纪学校','320382','','','');
INSERT INTO `middle_school` (`code`,`name`,`district_id`,`contact`,`tel`,`description`) VALUES ('32038216','邳州市明德实验学校','320382','','','');
INSERT INTO `middle_school` (`code`,`name`,`district_id`,`contact`,`tel`,`description`) VALUES ('32038217','邳州市务实学校','320382','','','');
INSERT INTO `middle_school` (`code`,`name`,`district_id`,`contact`,`tel`,`description`) VALUES ('32038218','邳州市东方学校','320382','','','');
INSERT INTO `middle_school` (`code`,`name`,`district_id`,`contact`,`tel`,`description`) VALUES ('32038219','邳州市方圆中学','320382','','','');
INSERT INTO `middle_school` (`code`,`name`,`district_id`,`contact`,`tel`,`description`) VALUES ('32038220','邳州市新城中学','320382','','','');
INSERT INTO `middle_school` (`code`,`name`,`district_id`,`contact`,`tel`,`description`) VALUES ('32038221','邳州市春华学校','320382','','','');
INSERT INTO `middle_school` (`code`,`name`,`district_id`,`contact`,`tel`,`description`) VALUES ('32038222','邳州市中等专业学校','320382','','','');
INSERT INTO `middle_school` (`code`,`name`,`district_id`,`contact`,`tel`,`description`) VALUES ('32038223','邳州市车辐中等专业学校','320382','','','');
INSERT INTO `middle_school` (`code`,`name`,`district_id`,`contact`,`tel`,`description`) VALUES ('32038230','运河中学初中部','320382','','','');
INSERT INTO `middle_school` (`code`,`name`,`district_id`,`contact`,`tel`,`description`) VALUES ('32038296','邳州市往届生','320382','','','');
INSERT INTO `middle_school` (`code`,`name`,`district_id`,`contact`,`tel`,`description`) VALUES ('32038297','邳州市应届中专生','320382','','','');
INSERT INTO `middle_school` (`code`,`name`,`district_id`,`contact`,`tel`,`description`) VALUES ('32038298','邳州市应届职高生','320382','','','');
INSERT INTO `middle_school` (`code`,`name`,`district_id`,`contact`,`tel`,`description`) VALUES ('32038299','邳州市外地生','320382','','','');
INSERT INTO `middle_school` (`code`,`name`,`district_id`,`contact`,`tel`,`description`) VALUES ('32040100','常州市高校招生办公室','320401','','','');
INSERT INTO `middle_school` (`code`,`name`,`district_id`,`contact`,`tel`,`description`) VALUES ('32040101','江苏省常州高级中学','320401','','','');
INSERT INTO `middle_school` (`code`,`name`,`district_id`,`contact`,`tel`,`description`) VALUES ('32040102','常州市北郊中学','320401','','','');
INSERT INTO `middle_school` (`code`,`name`,`district_id`,`contact`,`tel`,`description`) VALUES ('32040103','常州市第一中学','320401','','','');
INSERT INTO `middle_school` (`code`,`name`,`district_id`,`contact`,`tel`,`description`) VALUES ('32040104','常州市第二中学','320401','','','');
INSERT INTO `middle_school` (`code`,`name`,`district_id`,`contact`,`tel`,`description`) VALUES ('32040105','常州市第三中学','320401','','','');
INSERT INTO `middle_school` (`code`,`name`,`district_id`,`contact`,`tel`,`description`) VALUES ('32040106','常州市第四中学','320401','','','');
INSERT INTO `middle_school` (`code`,`name`,`district_id`,`contact`,`tel`,`description`) VALUES ('32040107','常州市第五中学','320401','','','');
INSERT INTO `middle_school` (`code`,`name`,`district_id`,`contact`,`tel`,`description`) VALUES ('32040108','常州市田家炳实验中学','320401','','','');
INSERT INTO `middle_school` (`code`,`name`,`district_id`,`contact`,`tel`,`description`) VALUES ('32040109','常州市第八中学','320401','','','');
INSERT INTO `middle_school` (`code`,`name`,`district_id`,`contact`,`tel`,`description`) VALUES ('32040110','常州市青龙中学','320401','','','');
INSERT INTO `middle_school` (`code`,`name`,`district_id`,`contact`,`tel`,`description`) VALUES ('32040111','常州市戚墅堰实验中学','320401','','','');
INSERT INTO `middle_school` (`code`,`name`,`district_id`,`contact`,`tel`,`description`) VALUES ('32040112','常州市新桥中学','320401','','','');
INSERT INTO `middle_school` (`code`,`name`,`district_id`,`contact`,`tel`,`description`) VALUES ('32040113','常州国际学校','320401','','','');
INSERT INTO `middle_school` (`code`,`name`,`district_id`,`contact`,`tel`,`description`) VALUES ('32040114','常州市理想中学','320401','','','');
INSERT INTO `middle_school` (`code`,`name`,`district_id`,`contact`,`tel`,`description`) VALUES ('32040115','求真高中文化补习学校','320401','','','');
INSERT INTO `middle_school` (`code`,`name`,`district_id`,`contact`,`tel`,`description`) VALUES ('32040116','常州市刘国钧高等职业技术学校','320401','','','');
INSERT INTO `middle_school` (`code`,`name`,`district_id`,`contact`,`tel`,`description`) VALUES ('32040117','常州刘国钧高等职业技术学校','320401','','','');
INSERT INTO `middle_school` (`code`,`name`,`district_id`,`contact`,`tel`,`description`) VALUES ('32040118','常州旅游商贸高等职业技术学校','320401','','','');
INSERT INTO `middle_school` (`code`,`name`,`district_id`,`contact`,`tel`,`description`) VALUES ('32040119','常州外国语学校','320401','','','');
INSERT INTO `middle_school` (`code`,`name`,`district_id`,`contact`,`tel`,`description`) VALUES ('32040120','常州市小河中学','320401','朱心红','5197107007','');
INSERT INTO `middle_school` (`code`,`name`,`district_id`,`contact`,`tel`,`description`) VALUES ('32040121','常州市安家中学','320401','刘志伟','5197305600','');
INSERT INTO `middle_school` (`code`,`name`,`district_id`,`contact`,`tel`,`description`) VALUES ('32040122','常州市西夏墅中学','320401','潘卫国','5197900490','');
INSERT INTO `middle_school` (`code`,`name`,`district_id`,`contact`,`tel`,`description`) VALUES ('32040123','常州市实验初级中学','320401','吴祥大','5197623950','');
INSERT INTO `middle_school` (`code`,`name`,`district_id`,`contact`,`tel`,`description`) VALUES ('32040124','常州旅游商贸高等职业技术学校','320401','','','');
INSERT INTO `middle_school` (`code`,`name`,`district_id`,`contact`,`tel`,`description`) VALUES ('32040125','常州市二十四中学','320401','','051988103127','');
INSERT INTO `middle_school` (`code`,`name`,`district_id`,`contact`,`tel`,`description`) VALUES ('32040126','常州技师学院','320401','','','');
INSERT INTO `middle_school` (`code`,`name`,`district_id`,`contact`,`tel`,`description`) VALUES ('32040127','常州市航空技工学校','320401','','','');
INSERT INTO `middle_school` (`code`,`name`,`district_id`,`contact`,`tel`,`description`) VALUES ('32040128','常州交通技师学院','320401','','','');
INSERT INTO `middle_school` (`code`,`name`,`district_id`,`contact`,`tel`,`description`) VALUES ('32040129','江苏省常州医药技工学校','320401','','','');
INSERT INTO `middle_school` (`code`,`name`,`district_id`,`contact`,`tel`,`description`) VALUES ('32040130','常州市电子技工学校','320401','','','');
INSERT INTO `middle_school` (`code`,`name`,`district_id`,`contact`,`tel`,`description`) VALUES ('32040131','常州市轻工技工学校','320401','','','');
INSERT INTO `middle_school` (`code`,`name`,`district_id`,`contact`,`tel`,`description`) VALUES ('32040132','常柴股份有限公司技工学校','320401','','','');
INSERT INTO `middle_school` (`code`,`name`,`district_id`,`contact`,`tel`,`description`) VALUES ('32040133','常州冶金技师学院','320401','','','');
INSERT INTO `middle_school` (`code`,`name`,`district_id`,`contact`,`tel`,`description`) VALUES ('32040134','常州铁道高等职业技术学校','320401','','','');
INSERT INTO `middle_school` (`code`,`name`,`district_id`,`contact`,`tel`,`description`) VALUES ('32040135','常州卫生高等职业技术学校','320401','','','');
INSERT INTO `middle_school` (`code`,`name`,`district_id`,`contact`,`tel`,`description`) VALUES ('32040136','常州市体育运动学校','320401','','','');
INSERT INTO `middle_school` (`code`,`name`,`district_id`,`contact`,`tel`,`description`) VALUES ('32040137','江苏省常州建设高等职业技术学校','320401','','','');
INSERT INTO `middle_school` (`code`,`name`,`district_id`,`contact`,`tel`,`description`) VALUES ('32040138','常州市新北区龙虎塘中学','320401','','','');
INSERT INTO `middle_school` (`code`,`name`,`district_id`,`contact`,`tel`,`description`) VALUES ('32040139','常州艺术高等职业学校','320401','','','');
INSERT INTO `middle_school` (`code`,`name`,`district_id`,`contact`,`tel`,`description`) VALUES ('32040196','常州市往届生','320401','霍超群','5197365620','');
INSERT INTO `middle_school` (`code`,`name`,`district_id`,`contact`,`tel`,`description`) VALUES ('32040197','常州市应届中专生','320401','马建耀','5197700578','');
INSERT INTO `middle_school` (`code`,`name`,`district_id`,`contact`,`tel`,`description`) VALUES ('32040198','常州市应届职高生','320401','许建平','5197295510','');
INSERT INTO `middle_school` (`code`,`name`,`district_id`,`contact`,`tel`,`description`) VALUES ('32040199','常州市回考生','320401','周永峰','5197219133','');
INSERT INTO `middle_school` (`code`,`name`,`district_id`,`contact`,`tel`,`description`) VALUES ('32048101','江苏省溧阳中学','320481','周永峰','5197219133','');
INSERT INTO `middle_school` (`code`,`name`,`district_id`,`contact`,`tel`,`description`) VALUES ('32048102','溧阳市光华高级中学','320481','测试联','12345647','');
INSERT INTO `middle_school` (`code`,`name`,`district_id`,`contact`,`tel`,`description`) VALUES ('32048103','溧阳市戴埠高级中学','320481','','','');
INSERT INTO `middle_school` (`code`,`name`,`district_id`,`contact`,`tel`,`description`) VALUES ('32048104','溧阳市南渡高级中学','320481','','','');
INSERT INTO `middle_school` (`code`,`name`,`district_id`,`contact`,`tel`,`description`) VALUES ('32048105','溧阳市埭头中学','320481','','','');
INSERT INTO `middle_school` (`code`,`name`,`district_id`,`contact`,`tel`,`description`) VALUES ('32048106','江苏省溧阳中等专业学校','320481','','','');
INSERT INTO `middle_school` (`code`,`name`,`district_id`,`contact`,`tel`,`description`) VALUES ('32048107','天目湖中等专业学校','320481','','','');
INSERT INTO `middle_school` (`code`,`name`,`district_id`,`contact`,`tel`,`description`) VALUES ('32048108','溧阳市竹箦中学','320481','','','');
INSERT INTO `middle_school` (`code`,`name`,`district_id`,`contact`,`tel`,`description`) VALUES ('32048109','溧阳市第三中学','320481','','','');
INSERT INTO `middle_school` (`code`,`name`,`district_id`,`contact`,`tel`,`description`) VALUES ('32048110','溧阳市燕山中学','320481','','','');
INSERT INTO `middle_school` (`code`,`name`,`district_id`,`contact`,`tel`,`description`) VALUES ('32048111','溧阳市第二职业高级中学','320481','','','');
INSERT INTO `middle_school` (`code`,`name`,`district_id`,`contact`,`tel`,`description`) VALUES ('32048112','溧阳市教师进修学校','320481','','','');
INSERT INTO `middle_school` (`code`,`name`,`district_id`,`contact`,`tel`,`description`) VALUES ('32048113','溧阳市戴埠高级中学','320481','','','');
INSERT INTO `middle_school` (`code`,`name`,`district_id`,`contact`,`tel`,`description`) VALUES ('32048114','溧阳市南渡中学（往届生','320481','','','');
INSERT INTO `middle_school` (`code`,`name`,`district_id`,`contact`,`tel`,`description`) VALUES ('32048115','溧阳市埭头中学（往届生）','320481','','','');
INSERT INTO `middle_school` (`code`,`name`,`district_id`,`contact`,`tel`,`description`) VALUES ('32048118','溧阳市竹箦中学（往届生','320481','','','');
INSERT INTO `middle_school` (`code`,`name`,`district_id`,`contact`,`tel`,`description`) VALUES ('32048119','溧阳市第三中学（往届生）','320481','','','');
INSERT INTO `middle_school` (`code`,`name`,`district_id`,`contact`,`tel`,`description`) VALUES ('32048196','溧阳市往届生','320481','','','');
INSERT INTO `middle_school` (`code`,`name`,`district_id`,`contact`,`tel`,`description`) VALUES ('32048197','溧阳市应届中专生','320481','周永峰','5197219133','');
INSERT INTO `middle_school` (`code`,`name`,`district_id`,`contact`,`tel`,`description`) VALUES ('32048198','溧阳市应届职高生','320481','周永峰','5197219133','');
INSERT INTO `middle_school` (`code`,`name`,`district_id`,`contact`,`tel`,`description`) VALUES ('32048199','溧阳市回考生','320481','','','');
INSERT INTO `middle_school` (`code`,`name`,`district_id`,`contact`,`tel`,`description`) VALUES ('32048201','江苏省华罗庚中学','320482','','','');
INSERT INTO `middle_school` (`code`,`name`,`district_id`,`contact`,`tel`,`description`) VALUES ('32048202','金坛市第一中学','320482','','','');
INSERT INTO `middle_school` (`code`,`name`,`district_id`,`contact`,`tel`,`description`) VALUES ('32048203','金坛市华罗庚实验高级中学','320482','','','');
INSERT INTO `middle_school` (`code`,`name`,`district_id`,`contact`,`tel`,`description`) VALUES ('32048204','金坛市第四中学','320482','','','');
INSERT INTO `middle_school` (`code`,`name`,`district_id`,`contact`,`tel`,`description`) VALUES ('32048205','金坛市直溪高级中学','320482','','','');
INSERT INTO `middle_school` (`code`,`name`,`district_id`,`contact`,`tel`,`description`) VALUES ('32048206','金坛市金沙高级中学','320482','','','');
INSERT INTO `middle_school` (`code`,`name`,`district_id`,`contact`,`tel`,`description`) VALUES ('32010200','南京市玄武区报生','320102','ggg','02511111112','');
INSERT INTO `middle_school` (`code`,`name`,`district_id`,`contact`,`tel`,`description`) VALUES ('32010201','南京市第九中学','320102','','','');
INSERT INTO `middle_school` (`code`,`name`,`district_id`,`contact`,`tel`,`description`) VALUES ('32010202','南京市第十三中学','320102','','','');
INSERT INTO `middle_school` (`code`,`name`,`district_id`,`contact`,`tel`,`description`) VALUES ('32010203','南京市玄武高级中学太平门校区','320102','','073153123412','');
INSERT INTO `middle_school` (`code`,`name`,`district_id`,`contact`,`tel`,`description`) VALUES ('32010204','南京外国语学校','320102','','','');
INSERT INTO `middle_school` (`code`,`name`,`district_id`,`contact`,`tel`,`description`) VALUES ('32010205','南京市玄武高级中学梅园校区','320102','','','');
INSERT INTO `middle_school` (`code`,`name`,`district_id`,`contact`,`tel`,`description`) VALUES ('32010206','南京市人民中学','320102','','','');
INSERT INTO `middle_school` (`code`,`name`,`district_id`,`contact`,`tel`,`description`) VALUES ('32010208','南京市第九中学震旦校区','320102','','','');
INSERT INTO `middle_school` (`code`,`name`,`district_id`,`contact`,`tel`,`description`) VALUES ('32010209','南京市玄武中等专业学校','320102','','','');
INSERT INTO `middle_school` (`code`,`name`,`district_id`,`contact`,`tel`,`description`) VALUES ('32010211','南京九中北校区','320102','','','');
INSERT INTO `middle_school` (`code`,`name`,`district_id`,`contact`,`tel`,`description`) VALUES ('32010221','南京开明外国语学校','320102','','','');
INSERT INTO `middle_school` (`code`,`name`,`district_id`,`contact`,`tel`,`description`) VALUES ('32010223','南京市第十三中学中加国际高中','320102','','','');
INSERT INTO `middle_school` (`code`,`name`,`district_id`,`contact`,`tel`,`description`) VALUES ('32010225','南京外国语学校剑桥国际高中','320102','','','');
INSERT INTO `middle_school` (`code`,`name`,`district_id`,`contact`,`tel`,`description`) VALUES ('32010288','测试报名点','320102','','','');
INSERT INTO `middle_school` (`code`,`name`,`district_id`,`contact`,`tel`,`description`) VALUES ('32010295','南京体育学院附属中学','320102','','','');
INSERT INTO `middle_school` (`code`,`name`,`district_id`,`contact`,`tel`,`description`) VALUES ('32010296','玄武区往届生','320102','','','');
INSERT INTO `middle_school` (`code`,`name`,`district_id`,`contact`,`tel`,`description`) VALUES ('32010299','玄武区回考生','320102','','','');
INSERT INTO `middle_school` (`code`,`name`,`district_id`,`contact`,`tel`,`description`) VALUES ('32010300','南京市白下区区报生','320103','','','');
INSERT INTO `middle_school` (`code`,`name`,`district_id`,`contact`,`tel`,`description`) VALUES ('32010301','南京市第一中学','320103','','025-52344512','');
INSERT INTO `middle_school` (`code`,`name`,`district_id`,`contact`,`tel`,`description`) VALUES ('32010302','南京市第三高级中学','320103','','025-84506950','');
INSERT INTO `middle_school` (`code`,`name`,`district_id`,`contact`,`tel`,`description`) VALUES ('32010303','南京市第五中学','320103','','025-84227603','');
INSERT INTO `middle_school` (`code`,`name`,`district_id`,`contact`,`tel`,`description`) VALUES ('32010304','南京市第六中学','320103','','025-84501892','');
INSERT INTO `middle_school` (`code`,`name`,`district_id`,`contact`,`tel`,`description`) VALUES ('32010305','南京航空航天大学附属高级中学','320103','','025-84499737','');
INSERT INTO `middle_school` (`code`,`name`,`district_id`,`contact`,`tel`,`description`) VALUES ('32068209','如皋市第二中学','320682','','','');
INSERT INTO `middle_school` (`code`,`name`,`district_id`,`contact`,`tel`,`description`) VALUES ('32010307','南京市行知实验中学','320103','','025-86955700','');
INSERT INTO `middle_school` (`code`,`name`,`district_id`,`contact`,`tel`,`description`) VALUES ('32010308','南京市体育运动学校','320103','','025-85011009','');
INSERT INTO `middle_school` (`code`,`name`,`district_id`,`contact`,`tel`,`description`) VALUES ('32010309','江苏省戏剧学校','320103','','025-84542852','');
INSERT INTO `middle_school` (`code`,`name`,`district_id`,`contact`,`tel`,`description`) VALUES ('32010311','南京市女子中等专业学校','320103','','','');
INSERT INTO `middle_school` (`code`,`name`,`district_id`,`contact`,`tel`,`description`) VALUES ('32010366','南京市聋人学校','320103','花钰锋','13585106545','');
INSERT INTO `middle_school` (`code`,`name`,`district_id`,`contact`,`tel`,`description`) VALUES ('32010396','南京市白下区往届生','320103','','','');
INSERT INTO `middle_school` (`code`,`name`,`district_id`,`contact`,`tel`,`description`) VALUES ('32010397','南京市白下区中专生','320103','','','');
INSERT INTO `middle_school` (`code`,`name`,`district_id`,`contact`,`tel`,`description`) VALUES ('32010398','南京市白下区职高生','320103','','','');
INSERT INTO `middle_school` (`code`,`name`,`district_id`,`contact`,`tel`,`description`) VALUES ('32010399','南京市白下区回考生','320103','','','');
INSERT INTO `middle_school` (`code`,`name`,`district_id`,`contact`,`tel`,`description`) VALUES ('32010400','南京市秦淮区区报生','320104','','','');
INSERT INTO `middle_school` (`code`,`name`,`district_id`,`contact`,`tel`,`description`) VALUES ('32010401','南京市中华中学','320104','','','');
INSERT INTO `middle_school` (`code`,`name`,`district_id`,`contact`,`tel`,`description`) VALUES ('32010402','南京市文枢中学','320104','','','');
INSERT INTO `middle_school` (`code`,`name`,`district_id`,`contact`,`tel`,`description`) VALUES ('32010403','南京市第二十七高级中学','320104','','','');
INSERT INTO `middle_school` (`code`,`name`,`district_id`,`contact`,`tel`,`description`) VALUES ('32010496','南京市秦淮区往届生','320104','','','');
INSERT INTO `middle_school` (`code`,`name`,`district_id`,`contact`,`tel`,`description`) VALUES ('32010497','南京市秦淮区中专生','320104','','','');
INSERT INTO `middle_school` (`code`,`name`,`district_id`,`contact`,`tel`,`description`) VALUES ('32010498','南京市秦淮区职高生','320104','','','');
INSERT INTO `middle_school` (`code`,`name`,`district_id`,`contact`,`tel`,`description`) VALUES ('32010499','南京市秦淮区回考生','320104','','','');
INSERT INTO `middle_school` (`code`,`name`,`district_id`,`contact`,`tel`,`description`) VALUES ('32010500','南京市建邺区区报生','320105','','','');
INSERT INTO `middle_school` (`code`,`name`,`district_id`,`contact`,`tel`,`description`) VALUES ('32010501','南京市建邺高级中学','320105','杜迎新','2586454176','');
INSERT INTO `middle_school` (`code`,`name`,`district_id`,`contact`,`tel`,`description`) VALUES ('32010503','南京高等职业技术学校','320105','','','');
INSERT INTO `middle_school` (`code`,`name`,`district_id`,`contact`,`tel`,`description`) VALUES ('32010504','南京市莫愁中等专业学校','320105','','','');
INSERT INTO `middle_school` (`code`,`name`,`district_id`,`contact`,`tel`,`description`) VALUES ('32010505','江苏广播电视大学建邺分院','320105','','','');
INSERT INTO `middle_school` (`code`,`name`,`district_id`,`contact`,`tel`,`description`) VALUES ('32010508','南京市金陵中学河西分校','320105','','','');
INSERT INTO `middle_school` (`code`,`name`,`district_id`,`contact`,`tel`,`description`) VALUES ('32010518','南京市金陵中学河西分校国际课程','320105','','','');
INSERT INTO `middle_school` (`code`,`name`,`district_id`,`contact`,`tel`,`description`) VALUES ('32010596','南京市建邺区往届生','320105','','','');
INSERT INTO `middle_school` (`code`,`name`,`district_id`,`contact`,`tel`,`description`) VALUES ('32010597','南京市建邺区中专生','320105','','','');
INSERT INTO `middle_school` (`code`,`name`,`district_id`,`contact`,`tel`,`description`) VALUES ('32010598','南京市建邺区职高生','320105','','','');
INSERT INTO `middle_school` (`code`,`name`,`district_id`,`contact`,`tel`,`description`) VALUES ('32010599','南京市建邺区回考生','320105','陈莉莉','2586667520','');
INSERT INTO `middle_school` (`code`,`name`,`district_id`,`contact`,`tel`,`description`) VALUES ('32010600','鼓楼区区报生','320106','刘正虎','83321983','');
INSERT INTO `middle_school` (`code`,`name`,`district_id`,`contact`,`tel`,`description`) VALUES ('32010601','南京师范大学附属中学','320106','','','');
INSERT INTO `middle_school` (`code`,`name`,`district_id`,`contact`,`tel`,`description`) VALUES ('32010602','南京市金陵中学','320106','','','');
INSERT INTO `middle_school` (`code`,`name`,`district_id`,`contact`,`tel`,`description`) VALUES ('32010603','江苏教育学院附属高级中学','320106','','','');
INSERT INTO `middle_school` (`code`,`name`,`district_id`,`contact`,`tel`,`description`) VALUES ('32010604','南京市宁海中学','320106','','','');
INSERT INTO `middle_school` (`code`,`name`,`district_id`,`contact`,`tel`,`description`) VALUES ('32010605','南京市第四中学','320106','成国强','051179108234','');
INSERT INTO `middle_school` (`code`,`name`,`district_id`,`contact`,`tel`,`description`) VALUES ('32010606','南京大学附属中学','320106','','','');
INSERT INTO `middle_school` (`code`,`name`,`district_id`,`contact`,`tel`,`description`) VALUES ('32010607','工大附中（50中）','320106','','','');
INSERT INTO `middle_school` (`code`,`name`,`district_id`,`contact`,`tel`,`description`) VALUES ('32010608','南京田家炳高级中学','320106','','','');
INSERT INTO `middle_school` (`code`,`name`,`district_id`,`contact`,`tel`,`description`) VALUES ('32010611','南京旅游学校','320106','','','');
INSERT INTO `middle_school` (`code`,`name`,`district_id`,`contact`,`tel`,`description`) VALUES ('32010612','南京育英外国语学校','320106','','','');
INSERT INTO `middle_school` (`code`,`name`,`district_id`,`contact`,`tel`,`description`) VALUES ('32010615','南艺附中','320106','','','');
INSERT INTO `middle_school` (`code`,`name`,`district_id`,`contact`,`tel`,`description`) VALUES ('32010622','金陵中学剑桥国际高中课程班','320106','','','');
INSERT INTO `middle_school` (`code`,`name`,`district_id`,`contact`,`tel`,`description`) VALUES ('32010623','南京大学附属中学中加班','320106','','','');
INSERT INTO `middle_school` (`code`,`name`,`district_id`,`contact`,`tel`,`description`) VALUES ('32010624','南京田家炳高级中学中日课程班','320106','','','');
INSERT INTO `middle_school` (`code`,`name`,`district_id`,`contact`,`tel`,`description`) VALUES ('32010696','南京市鼓楼区往届生','320106','','','');
INSERT INTO `middle_school` (`code`,`name`,`district_id`,`contact`,`tel`,`description`) VALUES ('32010697','南京市鼓楼区中专生','320106','','','');
INSERT INTO `middle_school` (`code`,`name`,`district_id`,`contact`,`tel`,`description`) VALUES ('32010698','南京市鼓楼区职高生','320106','','','');
INSERT INTO `middle_school` (`code`,`name`,`district_id`,`contact`,`tel`,`description`) VALUES ('32010700','南京市下关区区报生','320107','','','');
INSERT INTO `middle_school` (`code`,`name`,`district_id`,`contact`,`tel`,`description`) VALUES ('32010701','南京市第十二中学','320107','陈玲','025-58818229','');
INSERT INTO `middle_school` (`code`,`name`,`district_id`,`contact`,`tel`,`description`) VALUES ('32010702','南京市第三十九中学','320107','韩成霞','02558806245','');
INSERT INTO `middle_school` (`code`,`name`,`district_id`,`contact`,`tel`,`description`) VALUES ('32010703','南京市第六十六中学','320107','施晓梅','025-85505812','');
INSERT INTO `middle_school` (`code`,`name`,`district_id`,`contact`,`tel`,`description`) VALUES ('32010704','南京南侨高级中学','320107','朱有荣','025-85507135','');
INSERT INTO `middle_school` (`code`,`name`,`district_id`,`contact`,`tel`,`description`) VALUES ('32010706','下关区中等专业学校','320107','','','');
INSERT INTO `middle_school` (`code`,`name`,`district_id`,`contact`,`tel`,`description`) VALUES ('32010796','南京市下关区往届生','320107','刘静','025-58806574','');
INSERT INTO `middle_school` (`code`,`name`,`district_id`,`contact`,`tel`,`description`) VALUES ('32010797','南京市下关区中专生','320107','刘静','025-58806574','');
INSERT INTO `middle_school` (`code`,`name`,`district_id`,`contact`,`tel`,`description`) VALUES ('32010799','南京市下关区回考生','320107','刘静','025-58806574','');
INSERT INTO `middle_school` (`code`,`name`,`district_id`,`contact`,`tel`,`description`) VALUES ('32011100','浦口区区报生','320111','李林','58882917','');
INSERT INTO `middle_school` (`code`,`name`,`district_id`,`contact`,`tel`,`description`) VALUES ('32011101','南京市第十四中学','320111','陈秀峰','13814029667','');
INSERT INTO `middle_school` (`code`,`name`,`district_id`,`contact`,`tel`,`description`) VALUES ('32011102','浦口中等专业学校','320111','','','');
INSERT INTO `middle_school` (`code`,`name`,`district_id`,`contact`,`tel`,`description`) VALUES ('32011104','南京经济贸易学校','320111','','','');
INSERT INTO `middle_school` (`code`,`name`,`district_id`,`contact`,`tel`,`description`) VALUES ('32011105','江苏省江浦高级中学文昌校区','320111','张炳林','02558115448','');
INSERT INTO `middle_school` (`code`,`name`,`district_id`,`contact`,`tel`,`description`) VALUES ('32011107','浦口区区报生','320111','李林','58882917','');
INSERT INTO `middle_school` (`code`,`name`,`district_id`,`contact`,`tel`,`description`) VALUES ('32011109','南京市浦口区新疆班','320111','','','');
INSERT INTO `middle_school` (`code`,`name`,`district_id`,`contact`,`tel`,`description`) VALUES ('32011113','江苏省江浦高级中学','320111','陈惠','58115406','');
INSERT INTO `middle_school` (`code`,`name`,`district_id`,`contact`,`tel`,`description`) VALUES ('32011115','浦口区桥林中学','320111','黄学龙','58271142','');
INSERT INTO `middle_school` (`code`,`name`,`district_id`,`contact`,`tel`,`description`) VALUES ('32011133','浦口区职教中心普高班','320111','刘必胜','13952062631','');
INSERT INTO `middle_school` (`code`,`name`,`district_id`,`contact`,`tel`,`description`) VALUES ('32011134','南京市实验国际学校','320111','章石芸','58748880','');
INSERT INTO `middle_school` (`code`,`name`,`district_id`,`contact`,`tel`,`description`) VALUES ('32011196','浦口区往届生','320111','','','');
INSERT INTO `middle_school` (`code`,`name`,`district_id`,`contact`,`tel`,`description`) VALUES ('32011197','浦口区中专生','320111','','','');
INSERT INTO `middle_school` (`code`,`name`,`district_id`,`contact`,`tel`,`description`) VALUES ('32011198','浦口区职高生','320111','','','');
INSERT INTO `middle_school` (`code`,`name`,`district_id`,`contact`,`tel`,`description`) VALUES ('32011199','浦口区回考生','320111','','','');
INSERT INTO `middle_school` (`code`,`name`,`district_id`,`contact`,`tel`,`description`) VALUES ('32011200','南京市沿江区区报生','320112','','','');
INSERT INTO `middle_school` (`code`,`name`,`district_id`,`contact`,`tel`,`description`) VALUES ('32011201','南京市大厂高级中学','320112','','57791441','');
INSERT INTO `middle_school` (`code`,`name`,`district_id`,`contact`,`tel`,`description`) VALUES ('32011204','南京师范大学附属扬子中学','320112','','57783580','');
INSERT INTO `middle_school` (`code`,`name`,`district_id`,`contact`,`tel`,`description`) VALUES ('32011296','沿江区往届生','320112','','57792137','');
INSERT INTO `middle_school` (`code`,`name`,`district_id`,`contact`,`tel`,`description`) VALUES ('32011299','沿江区回考生','320112','','57792137','');
INSERT INTO `middle_school` (`code`,`name`,`district_id`,`contact`,`tel`,`description`) VALUES ('32011300','栖霞区区报生','320113','','','');
INSERT INTO `middle_school` (`code`,`name`,`district_id`,`contact`,`tel`,`description`) VALUES ('32011301','南京市燕子矶中学','320113','测试联','12345647','');
INSERT INTO `middle_school` (`code`,`name`,`district_id`,`contact`,`tel`,`description`) VALUES ('32011302','南京市栖霞中学栖霞校区','320113','','','');
INSERT INTO `middle_school` (`code`,`name`,`district_id`,`contact`,`tel`,`description`) VALUES ('32011303','南京市栖霞中学烷基苯校区','320113','','','');
INSERT INTO `middle_school` (`code`,`name`,`district_id`,`contact`,`tel`,`description`) VALUES ('32011304','南京师范大学附属实验学校','320113','','','');
INSERT INTO `middle_school` (`code`,`name`,`district_id`,`contact`,`tel`,`description`) VALUES ('32011323','南京外国语学校仙林分校','320113','','','');
INSERT INTO `middle_school` (`code`,`name`,`district_id`,`contact`,`tel`,`description`) VALUES ('32011324','南京外国语学校仙林分校国际部','320113','','','');
INSERT INTO `middle_school` (`code`,`name`,`district_id`,`contact`,`tel`,`description`) VALUES ('32011326','江苏启英教育培训中心','320113','','','');
INSERT INTO `middle_school` (`code`,`name`,`district_id`,`contact`,`tel`,`description`) VALUES ('32011333','南外仙林分校德国高中课程班','320113','','','');
INSERT INTO `middle_school` (`code`,`name`,`district_id`,`contact`,`tel`,`description`) VALUES ('32011334','南外仙林分校澳洲vce课程班','320113','','','');
INSERT INTO `middle_school` (`code`,`name`,`district_id`,`contact`,`tel`,`description`) VALUES ('32011400','南京市雨花台区区报生','320114','','','');
INSERT INTO `middle_school` (`code`,`name`,`district_id`,`contact`,`tel`,`description`) VALUES ('32011401','南京市雨花台中学','320114','马红','58013960','');
INSERT INTO `middle_school` (`code`,`name`,`district_id`,`contact`,`tel`,`description`) VALUES ('32011402','南京市板桥中学','320114','张宁','86702016','');
INSERT INTO `middle_school` (`code`,`name`,`district_id`,`contact`,`tel`,`description`) VALUES ('32011403','南京华夏实验学校','320114','董老师','13236552162','');
INSERT INTO `middle_school` (`code`,`name`,`district_id`,`contact`,`tel`,`description`) VALUES ('32011404','南京民办实验学校','320114','王冰晨','52882013','');
INSERT INTO `middle_school` (`code`,`name`,`district_id`,`contact`,`tel`,`description`) VALUES ('32011406','江苏新闻出版学校','320114','','','');
INSERT INTO `middle_school` (`code`,`name`,`district_id`,`contact`,`tel`,`description`) VALUES ('32011407','江苏广播电视学校','320114','','','');
INSERT INTO `middle_school` (`code`,`name`,`district_id`,`contact`,`tel`,`description`) VALUES ('32011411','南京市中华中等专业学校','320114','','','');
INSERT INTO `middle_school` (`code`,`name`,`district_id`,`contact`,`tel`,`description`) VALUES ('32011496','雨花台区往届生','320114','','','');
INSERT INTO `middle_school` (`code`,`name`,`district_id`,`contact`,`tel`,`description`) VALUES ('32011499','雨花台区回考生','320114','','','');
INSERT INTO `middle_school` (`code`,`name`,`district_id`,`contact`,`tel`,`description`) VALUES ('32012100','南京市江宁区区报生','320121','','','');
INSERT INTO `middle_school` (`code`,`name`,`district_id`,`contact`,`tel`,`description`) VALUES ('32012101','南京市江宁高级中学','320121','测试联','12345647','');
INSERT INTO `middle_school` (`code`,`name`,`district_id`,`contact`,`tel`,`description`) VALUES ('32012102','南京市江宁区秦淮中学','320121','','','');
INSERT INTO `middle_school` (`code`,`name`,`district_id`,`contact`,`tel`,`description`) VALUES ('32012103','南京市江宁区临江高级中学','320121','','02552728115','');
INSERT INTO `middle_school` (`code`,`name`,`district_id`,`contact`,`tel`,`description`) VALUES ('32012104','南京市江宁区天印高级中学','320121','','','');
INSERT INTO `middle_school` (`code`,`name`,`district_id`,`contact`,`tel`,`description`) VALUES ('32012105','南京市江宁区秣陵中学','320121','','','');
INSERT INTO `middle_school` (`code`,`name`,`district_id`,`contact`,`tel`,`description`) VALUES ('32012106','南师大附中江宁分校','320121','','','');
INSERT INTO `middle_school` (`code`,`name`,`district_id`,`contact`,`tel`,`description`) VALUES ('32012107','南京东山外国语学校','320121','','','');
INSERT INTO `middle_school` (`code`,`name`,`district_id`,`contact`,`tel`,`description`) VALUES ('32012109','南京英华学校','320121','','','');
INSERT INTO `middle_school` (`code`,`name`,`district_id`,`contact`,`tel`,`description`) VALUES ('32012110','21世纪双语学校','320121','','','');
INSERT INTO `middle_school` (`code`,`name`,`district_id`,`contact`,`tel`,`description`) VALUES ('32068313','南通市通州区育才中学','320683','','','');
INSERT INTO `middle_school` (`code`,`name`,`district_id`,`contact`,`tel`,`description`) VALUES ('32068314','江苏省通州中等专业学校','320683','','','');
INSERT INTO `middle_school` (`code`,`name`,`district_id`,`contact`,`tel`,`description`) VALUES ('32068315','南通市通州区农业综合技术学校','320683','','','');
INSERT INTO `middle_school` (`code`,`name`,`district_id`,`contact`,`tel`,`description`) VALUES ('32012115','江宁区高中文化补习学校','320121','','','');
INSERT INTO `middle_school` (`code`,`name`,`district_id`,`contact`,`tel`,`description`) VALUES ('32068316','南通市通州区西亭职业技术学校','320683','','','');
INSERT INTO `middle_school` (`code`,`name`,`district_id`,`contact`,`tel`,`description`) VALUES ('32068317','南通市通州区二甲职业中学','320683','','','');
INSERT INTO `middle_school` (`code`,`name`,`district_id`,`contact`,`tel`,`description`) VALUES ('32068318','南通市通州区农业广播电视学校','320683','','','');
INSERT INTO `middle_school` (`code`,`name`,`district_id`,`contact`,`tel`,`description`) VALUES ('32012119','南京工程学校','320121','','','');
INSERT INTO `middle_school` (`code`,`name`,`district_id`,`contact`,`tel`,`description`) VALUES ('32012130','南京市江宁区湖熟高级中学','320121','','','');
INSERT INTO `middle_school` (`code`,`name`,`district_id`,`contact`,`tel`,`description`) VALUES ('32012196','江宁区往届生','320121','','','');
INSERT INTO `middle_school` (`code`,`name`,`district_id`,`contact`,`tel`,`description`) VALUES ('32012199','江宁区报生','320121','','','');
INSERT INTO `middle_school` (`code`,`name`,`district_id`,`contact`,`tel`,`description`) VALUES ('32012300','南京市六合区区报生','320123','','','');
INSERT INTO `middle_school` (`code`,`name`,`district_id`,`contact`,`tel`,`description`) VALUES ('32012301','江苏省六合高级中学','320123','王乾平','2557759443','');
INSERT INTO `middle_school` (`code`,`name`,`district_id`,`contact`,`tel`,`description`) VALUES ('32012302','南京市六合实验高级中学','320123','陈金龙','2557126222','');
INSERT INTO `middle_school` (`code`,`name`,`district_id`,`contact`,`tel`,`description`) VALUES ('32012303','南京市六合区实验高级中学瓜埠分校','320123','张必山','2557632459','');
INSERT INTO `middle_school` (`code`,`name`,`district_id`,`contact`,`tel`,`description`) VALUES ('32012304','南京市六合区程桥高级中学','320123','赵启杰','2557654888','');
INSERT INTO `middle_school` (`code`,`name`,`district_id`,`contact`,`tel`,`description`) VALUES ('32012305','南京市六合区横梁高级中学','320123','杨正军','2557600017','');
INSERT INTO `middle_school` (`code`,`name`,`district_id`,`contact`,`tel`,`description`) VALUES ('32012306','六合毓秀补习班','320123','毛校长','02557758935','');
INSERT INTO `middle_school` (`code`,`name`,`district_id`,`contact`,`tel`,`description`) VALUES ('32012308','六合育才补习学校','320123','仇正军','2557108791','');
INSERT INTO `middle_school` (`code`,`name`,`district_id`,`contact`,`tel`,`description`) VALUES ('32012309','六合区报生','320123','孙利平','2557758935','');
INSERT INTO `middle_school` (`code`,`name`,`district_id`,`contact`,`tel`,`description`) VALUES ('32012311','六合励志中学','320123','王乾平','2557759443','');
INSERT INTO `middle_school` (`code`,`name`,`district_id`,`contact`,`tel`,`description`) VALUES ('32012400','南京市溧水县县报生','320124','','','');
INSERT INTO `middle_school` (`code`,`name`,`district_id`,`contact`,`tel`,`description`) VALUES ('32012401','江苏省溧水高级中学','320124','','','');
INSERT INTO `middle_school` (`code`,`name`,`district_id`,`contact`,`tel`,`description`) VALUES ('32012402','溧水县第二高级中学','320124','','','');
INSERT INTO `middle_school` (`code`,`name`,`district_id`,`contact`,`tel`,`description`) VALUES ('32012403','溧水县第三高级中学','320124','','','');
INSERT INTO `middle_school` (`code`,`name`,`district_id`,`contact`,`tel`,`description`) VALUES ('32012404','溧水县高考补习学校','320124','','','');
INSERT INTO `middle_school` (`code`,`name`,`district_id`,`contact`,`tel`,`description`) VALUES ('32012405','溧水县教师进修学校','320124','','','');
INSERT INTO `middle_school` (`code`,`name`,`district_id`,`contact`,`tel`,`description`) VALUES ('32012413','溧水县永阳成人教育中心','320124','','','');
INSERT INTO `middle_school` (`code`,`name`,`district_id`,`contact`,`tel`,`description`) VALUES ('32012499','溧水县招办','320124','','','');
INSERT INTO `middle_school` (`code`,`name`,`district_id`,`contact`,`tel`,`description`) VALUES ('32012500','南京市高淳县县报生','320125','','','');
INSERT INTO `middle_school` (`code`,`name`,`district_id`,`contact`,`tel`,`description`) VALUES ('32012501','江苏省高淳高级中学','320125','施祥胜','2557338401','');
INSERT INTO `middle_school` (`code`,`name`,`district_id`,`contact`,`tel`,`description`) VALUES ('32012502','高淳县湖滨高级中学','320125','刘贤明','2557357900','');
INSERT INTO `middle_school` (`code`,`name`,`district_id`,`contact`,`tel`,`description`) VALUES ('32012503','高淳县湖滨高级中学永丰分校','320125','芮必银','2557895624','');
INSERT INTO `middle_school` (`code`,`name`,`district_id`,`contact`,`tel`,`description`) VALUES ('32012504','高淳县漆桥中学','320125','赵龙','2557851135','');
INSERT INTO `middle_school` (`code`,`name`,`district_id`,`contact`,`tel`,`description`) VALUES ('32012505','高淳县淳辉高级中学','320125','陈新华','2557336700','');
INSERT INTO `middle_school` (`code`,`name`,`district_id`,`contact`,`tel`,`description`) VALUES ('32012506','高淳外校','320125','刘全刚','2557853802','');
INSERT INTO `middle_school` (`code`,`name`,`district_id`,`contact`,`tel`,`description`) VALUES ('32012596','高淳县往届生','320125','','','');
INSERT INTO `middle_school` (`code`,`name`,`district_id`,`contact`,`tel`,`description`) VALUES ('32012598','江苏省高淳职业高级中学','320125','王春桥','2557312039','');
INSERT INTO `middle_school` (`code`,`name`,`district_id`,`contact`,`tel`,`description`) VALUES ('32012599','高淳县回考生','320125','','','');
INSERT INTO `middle_school` (`code`,`name`,`district_id`,`contact`,`tel`,`description`) VALUES ('32020201','无锡市第一中学','320202','王红毅','13961777189','');
INSERT INTO `middle_school` (`code`,`name`,`district_id`,`contact`,`tel`,`description`) VALUES ('32020202','无锡市辅仁高级中学','320202','孙双忠','15896470984','');
INSERT INTO `middle_school` (`code`,`name`,`district_id`,`contact`,`tel`,`description`) VALUES ('32020203','无锡市第三高级中学','320202','朱伟军','15312239105','');
INSERT INTO `middle_school` (`code`,`name`,`district_id`,`contact`,`tel`,`description`) VALUES ('32020204','无锡市市北高级中学','320202','冯骏','13921100357','');
INSERT INTO `middle_school` (`code`,`name`,`district_id`,`contact`,`tel`,`description`) VALUES ('32068319','南通市通州区平潮职业中学','320683','','','');
INSERT INTO `middle_school` (`code`,`name`,`district_id`,`contact`,`tel`,`description`) VALUES ('32020206','无锡市第六高级中学','320202','丁家波','13921508157','');
INSERT INTO `middle_school` (`code`,`name`,`district_id`,`contact`,`tel`,`description`) VALUES ('32068320','南通市通州区教师进修学校','320683','','','');
INSERT INTO `middle_school` (`code`,`name`,`district_id`,`contact`,`tel`,`description`) VALUES ('32020210','无锡市第一女子中学','320202','刘绣荣','13914257701','');
INSERT INTO `middle_school` (`code`,`name`,`district_id`,`contact`,`tel`,`description`) VALUES ('32020211','无锡市广瑞高级中学','320202','徐雪云','15312237883','');
INSERT INTO `middle_school` (`code`,`name`,`district_id`,`contact`,`tel`,`description`) VALUES ('32020212','无锡市青山高级中学','320202','钱骏','15335208767','');
INSERT INTO `middle_school` (`code`,`name`,`district_id`,`contact`,`tel`,`description`) VALUES ('32020213','无锡市硕放中学','320202','邹金','13771526670','');
INSERT INTO `middle_school` (`code`,`name`,`district_id`,`contact`,`tel`,`description`) VALUES ('32020215','江苏省梅村高级中学','320202','万春燕','13812275012','');
INSERT INTO `middle_school` (`code`,`name`,`district_id`,`contact`,`tel`,`description`) VALUES ('32020216','无锡市湖滨中学','320202','谢宇雷','13861472518','');
INSERT INTO `middle_school` (`code`,`name`,`district_id`,`contact`,`tel`,`description`) VALUES ('32020217','无锡市大桥实验中学','320202','余华','18915261912','');
INSERT INTO `middle_school` (`code`,`name`,`district_id`,`contact`,`tel`,`description`) VALUES ('32020220','私立无锡光华学校','320202','江小华','15190246623','');
INSERT INTO `middle_school` (`code`,`name`,`district_id`,`contact`,`tel`,`description`) VALUES ('32020225','无锡市综合高级中学','320202','姜丰毅','18921107891','');
INSERT INTO `middle_school` (`code`,`name`,`district_id`,`contact`,`tel`,`description`) VALUES ('32020226','无锡培林高级中学','320202','杨琳','13861461660','');
INSERT INTO `middle_school` (`code`,`name`,`district_id`,`contact`,`tel`,`description`) VALUES ('32020227','江苏省梅村高中分校','320202','万春燕','13812275012','');
INSERT INTO `middle_school` (`code`,`name`,`district_id`,`contact`,`tel`,`description`) VALUES ('32020229','无锡国际学校','320202','王红毅','13961777189','');
INSERT INTO `middle_school` (`code`,`name`,`district_id`,`contact`,`tel`,`description`) VALUES ('32020230','无锡市运河实验中学','320202','殷超','13861857231','');
INSERT INTO `middle_school` (`code`,`name`,`district_id`,`contact`,`tel`,`description`) VALUES ('32020231','无锡机电高等职业技术学校','320202','','','');
INSERT INTO `middle_school` (`code`,`name`,`district_id`,`contact`,`tel`,`description`) VALUES ('32020232','无锡旅游商贸高等职业技术学校','320202','','','');
INSERT INTO `middle_school` (`code`,`name`,`district_id`,`contact`,`tel`,`description`) VALUES ('32020233','无锡市工业学校','320202','','','');
INSERT INTO `middle_school` (`code`,`name`,`district_id`,`contact`,`tel`,`description`) VALUES ('32020234','无锡汽车工程中等专业学校','320202','','','');
INSERT INTO `middle_school` (`code`,`name`,`district_id`,`contact`,`tel`,`description`) VALUES ('32020235','无锡行知科技学校','320202','','','');
INSERT INTO `middle_school` (`code`,`name`,`district_id`,`contact`,`tel`,`description`) VALUES ('32020236','无锡梁溪中等专业学校','320202','','','');
INSERT INTO `middle_school` (`code`,`name`,`district_id`,`contact`,`tel`,`description`) VALUES ('32020237','无锡市硕放职业学校','320202','','','');
INSERT INTO `middle_school` (`code`,`name`,`district_id`,`contact`,`tel`,`description`) VALUES ('32020238','无锡江南中等专业学校','320202','','','');
INSERT INTO `middle_school` (`code`,`name`,`district_id`,`contact`,`tel`,`description`) VALUES ('32020239','无锡新华中等专业学校','320202','','','');
INSERT INTO `middle_school` (`code`,`name`,`district_id`,`contact`,`tel`,`description`) VALUES ('32020240','无锡市现代职业技术学校','320202','','','');
INSERT INTO `middle_school` (`code`,`name`,`district_id`,`contact`,`tel`,`description`) VALUES ('32020241','无锡技师学院','320202','','','');
INSERT INTO `middle_school` (`code`,`name`,`district_id`,`contact`,`tel`,`description`) VALUES ('32020242','无锡市轻工技工学校','320202','','','');
INSERT INTO `middle_school` (`code`,`name`,`district_id`,`contact`,`tel`,`description`) VALUES ('32020243','无锡市宏源集团技工学校','320202','','','');
INSERT INTO `middle_school` (`code`,`name`,`district_id`,`contact`,`tel`,`description`) VALUES ('32020282','无锡文化艺术学校','320202','张竞文','051088370135','');
INSERT INTO `middle_school` (`code`,`name`,`district_id`,`contact`,`tel`,`description`) VALUES ('32020285','无锡市体育运动学校','320202','孙嫣','13912381339','');
INSERT INTO `middle_school` (`code`,`name`,`district_id`,`contact`,`tel`,`description`) VALUES ('32020287','无锡金榜文化专修学校','320202','史萍丽','13921120701','');
INSERT INTO `middle_school` (`code`,`name`,`district_id`,`contact`,`tel`,`description`) VALUES ('32020288','无锡聋哑学校','320202','时老师','051082910509','');
INSERT INTO `middle_school` (`code`,`name`,`district_id`,`contact`,`tel`,`description`) VALUES ('32020289','无锡开源高复班','320202','侯如美','051089937525','');
INSERT INTO `middle_school` (`code`,`name`,`district_id`,`contact`,`tel`,`description`) VALUES ('32020295','无锡青山中学新疆班','320202','高建峰','15335208802','');
INSERT INTO `middle_school` (`code`,`name`,`district_id`,`contact`,`tel`,`description`) VALUES ('32020296','无锡城区区报生','320202','周老师','051082705476','');
INSERT INTO `middle_school` (`code`,`name`,`district_id`,`contact`,`tel`,`description`) VALUES ('32020501','无锡市东亭中学','320205','','','');
INSERT INTO `middle_school` (`code`,`name`,`district_id`,`contact`,`tel`,`description`) VALUES ('32020502','江苏省羊尖高级中学','320205','','','');
INSERT INTO `middle_school` (`code`,`name`,`district_id`,`contact`,`tel`,`description`) VALUES ('32020503','无锡市荡口中学','320205','','','');
INSERT INTO `middle_school` (`code`,`name`,`district_id`,`contact`,`tel`,`description`) VALUES ('32020504','无锡市八士中学','320205','','','');
INSERT INTO `middle_school` (`code`,`name`,`district_id`,`contact`,`tel`,`description`) VALUES ('32020505','江苏省怀仁中学','320205','','','');
INSERT INTO `middle_school` (`code`,`name`,`district_id`,`contact`,`tel`,`description`) VALUES ('32020506','江苏省天一中学','320205','','','');
INSERT INTO `middle_school` (`code`,`name`,`district_id`,`contact`,`tel`,`description`) VALUES ('32020507','无锡市东北塘中学','320205','','','');
INSERT INTO `middle_school` (`code`,`name`,`district_id`,`contact`,`tel`,`description`) VALUES ('32020508','无锡市锡山中等专业学校','320205','','','');
INSERT INTO `middle_school` (`code`,`name`,`district_id`,`contact`,`tel`,`description`) VALUES ('32020510','无锡红豆职业学校','320205','','','');
INSERT INTO `middle_school` (`code`,`name`,`district_id`,`contact`,`tel`,`description`) VALUES ('32020511','无锡市查桥中学','320205','','','');
INSERT INTO `middle_school` (`code`,`name`,`district_id`,`contact`,`tel`,`description`) VALUES ('32020512','无锡市港下中学','320205','','','');
INSERT INTO `middle_school` (`code`,`name`,`district_id`,`contact`,`tel`,`description`) VALUES ('32020590','锡山区少年班','320205','王亚铭','051088200262','');
INSERT INTO `middle_school` (`code`,`name`,`district_id`,`contact`,`tel`,`description`) VALUES ('32020596','无锡市锡山区区报生','320205','','','');
INSERT INTO `middle_school` (`code`,`name`,`district_id`,`contact`,`tel`,`description`) VALUES ('32020601','无锡市堰桥中学','320206','徐国庆','13961848360','');
INSERT INTO `middle_school` (`code`,`name`,`district_id`,`contact`,`tel`,`description`) VALUES ('32020603','无锡市玉祁高级中学','320206','高意平','13915278722','');
INSERT INTO `middle_school` (`code`,`name`,`district_id`,`contact`,`tel`,`description`) VALUES ('32020604','无锡市洛社高级中学','320206','吕锋','13861745699','');
INSERT INTO `middle_school` (`code`,`name`,`district_id`,`contact`,`tel`,`description`) VALUES ('32020605','江苏省锡山高级中学','320206','杨夏晨','15852819150','');
INSERT INTO `middle_school` (`code`,`name`,`district_id`,`contact`,`tel`,`description`) VALUES ('32020606','江苏省惠山中等专业学校','320206','','','');
INSERT INTO `middle_school` (`code`,`name`,`district_id`,`contact`,`tel`,`description`) VALUES ('32020607','无锡金城职业学校','320206','','','');
INSERT INTO `middle_school` (`code`,`name`,`district_id`,`contact`,`tel`,`description`) VALUES ('32020608','无锡市前洲综合高级中学','320206','','','');
INSERT INTO `middle_school` (`code`,`name`,`district_id`,`contact`,`tel`,`description`) VALUES ('32020610','无锡市长安中学','320206','','','');
INSERT INTO `middle_school` (`code`,`name`,`district_id`,`contact`,`tel`,`description`) VALUES ('32020696','无锡市惠山区区报生','320206','于亚斌','13961869940','');
INSERT INTO `middle_school` (`code`,`name`,`district_id`,`contact`,`tel`,`description`) VALUES ('32020701','无锡市梅梁中学','320207','吕宏','51088931102','');
INSERT INTO `middle_school` (`code`,`name`,`district_id`,`contact`,`tel`,`description`) VALUES ('32020702','江苏省太湖高级中学','320207','吕宏','51088931102','');
INSERT INTO `middle_school` (`code`,`name`,`district_id`,`contact`,`tel`,`description`) VALUES ('32020703','江苏省太高艺术班','320207','陆江红','51085979968','');
INSERT INTO `middle_school` (`code`,`name`,`district_id`,`contact`,`tel`,`description`) VALUES ('32020704','江苏省太高实验学校','320207','','','');
INSERT INTO `middle_school` (`code`,`name`,`district_id`,`contact`,`tel`,`description`) VALUES ('32020705','无锡市胡埭中学','320207','','','');
INSERT INTO `middle_school` (`code`,`name`,`district_id`,`contact`,`tel`,`description`) VALUES ('32020706','江苏省太湖高级中学苏教国际班','320207','吕洪','51088931102','');
INSERT INTO `middle_school` (`code`,`name`,`district_id`,`contact`,`tel`,`description`) VALUES ('32020707','无锡市新视野培训中心','320207','谢志军','13912384677','');
INSERT INTO `middle_school` (`code`,`name`,`district_id`,`contact`,`tel`,`description`) VALUES ('32020708','无锡市立人高中','320207','','','');
INSERT INTO `middle_school` (`code`,`name`,`district_id`,`contact`,`tel`,`description`) VALUES ('32020710','江苏省无锡立信中等专业学校','320207','','','');
INSERT INTO `middle_school` (`code`,`name`,`district_id`,`contact`,`tel`,`description`) VALUES ('32020711','无锡市华庄职业高级中学','320207','','','');
INSERT INTO `middle_school` (`code`,`name`,`district_id`,`contact`,`tel`,`description`) VALUES ('32020796','无锡市滨湖区区报生','320207','','','');
INSERT INTO `middle_school` (`code`,`name`,`district_id`,`contact`,`tel`,`description`) VALUES ('32028101','江阴市璜土中学','320281','黄丽','13915207388','');
INSERT INTO `middle_school` (`code`,`name`,`district_id`,`contact`,`tel`,`description`) VALUES ('32028102','江阴市澄西中学','320281','陈文才','13771268500','');
INSERT INTO `middle_school` (`code`,`name`,`district_id`,`contact`,`tel`,`description`) VALUES ('32028103','江阴市澄西实验学校','320281','陈文才','13771268500','');
INSERT INTO `middle_school` (`code`,`name`,`district_id`,`contact`,`tel`,`description`) VALUES ('32028104','江阴市临港新城实验学校','320281','曹忠其','13915217336','');
INSERT INTO `middle_school` (`code`,`name`,`district_id`,`contact`,`tel`,`description`) VALUES ('32028105','江阴市月城中学','320281','谭园妹','13812599169','');
INSERT INTO `middle_school` (`code`,`name`,`district_id`,`contact`,`tel`,`description`) VALUES ('32028106','江阴市青阳中学','320281','王洪军','13915336056','');
INSERT INTO `middle_school` (`code`,`name`,`district_id`,`contact`,`tel`,`description`) VALUES ('32028107','江阴市青阳二中','320281','王洪军','13915336056','');
INSERT INTO `middle_school` (`code`,`name`,`district_id`,`contact`,`tel`,`description`) VALUES ('32068321','南通市通州区江苏帝奥服装技术学','320683','','','');
INSERT INTO `middle_school` (`code`,`name`,`district_id`,`contact`,`tel`,`description`) VALUES ('32028110','江阴市华士高级中学','320281','邹静兰','13812121350','');
INSERT INTO `middle_school` (`code`,`name`,`district_id`,`contact`,`tel`,`description`) VALUES ('32028111','江阴市华士二中','320281','邹静兰','13812121350','');
INSERT INTO `middle_school` (`code`,`name`,`district_id`,`contact`,`tel`,`description`) VALUES ('32028112','江阴市成化高级中学','320281','唐勤龙','13621539778','');
INSERT INTO `middle_school` (`code`,`name`,`district_id`,`contact`,`tel`,`description`) VALUES ('32028113','江阴市周庄中学','320281','唐礼兴','13621539778','');
INSERT INTO `middle_school` (`code`,`name`,`district_id`,`contact`,`tel`,`description`) VALUES ('32028114','江阴市长泾中学','320281','苏燕','13616165033','');
INSERT INTO `middle_school` (`code`,`name`,`district_id`,`contact`,`tel`,`description`) VALUES ('32028115','江阴市长泾二中','320281','苏燕','13616165033','');
INSERT INTO `middle_school` (`code`,`name`,`district_id`,`contact`,`tel`,`description`) VALUES ('32028117','江阴市顾山中学','320281','孙建娥','13218752458','');
INSERT INTO `middle_school` (`code`,`name`,`district_id`,`contact`,`tel`,`description`) VALUES ('32028119','江阴市祝塘中学','320281','戴新风','13276283091','');
INSERT INTO `middle_school` (`code`,`name`,`district_id`,`contact`,`tel`,`description`) VALUES ('32028120','江阴市祝塘实验学校','320281','戴新风','13276283091','');
INSERT INTO `middle_school` (`code`,`name`,`district_id`,`contact`,`tel`,`description`) VALUES ('32028121','江阴市南闸中学','320281','张少华','13915220030','');
INSERT INTO `middle_school` (`code`,`name`,`district_id`,`contact`,`tel`,`description`) VALUES ('32028122','江阴市云亭中学','320281','夏伟萍','13222887770','');
INSERT INTO `middle_school` (`code`,`name`,`district_id`,`contact`,`tel`,`description`) VALUES ('32028123','江阴市山观中学','320281','胡红程','18921211299','');
INSERT INTO `middle_school` (`code`,`name`,`district_id`,`contact`,`tel`,`description`) VALUES ('32028124','江阴市山观二中','320281','胡红程','18921211299','');
INSERT INTO `middle_school` (`code`,`name`,`district_id`,`contact`,`tel`,`description`) VALUES ('32028125','江阴市要塞中学','320281','盛秋玉','13771210091','');
INSERT INTO `middle_school` (`code`,`name`,`district_id`,`contact`,`tel`,`description`) VALUES ('32028126','江苏省江阴中等专业学校','320281','','','');
INSERT INTO `middle_school` (`code`,`name`,`district_id`,`contact`,`tel`,`description`) VALUES ('32028127','江苏省南菁高级中学','320281','陆汝良','1392128600','');
INSERT INTO `middle_school` (`code`,`name`,`district_id`,`contact`,`tel`,`description`) VALUES ('32028128','南菁实验学校','320281','陆汝良','13921218600','');
INSERT INTO `middle_school` (`code`,`name`,`district_id`,`contact`,`tel`,`description`) VALUES ('32028129','江阴市体校1','320281','陆汝良','13921218600','');
INSERT INTO `middle_school` (`code`,`name`,`district_id`,`contact`,`tel`,`description`) VALUES ('32028130','江苏省江阴高级中学','320281','符学斌','13961667689','');
INSERT INTO `middle_school` (`code`,`name`,`district_id`,`contact`,`tel`,`description`) VALUES ('32028131','江阴高级中学实验学校','320281','符学斌','13961667689','');
INSERT INTO `middle_school` (`code`,`name`,`district_id`,`contact`,`tel`,`description`) VALUES ('32028132','江阴市第一中学','320281','花海忠','13222862286','');
INSERT INTO `middle_school` (`code`,`name`,`district_id`,`contact`,`tel`,`description`) VALUES ('32028133','江阴市一中实验学校','320281','花海忠','13222862286','');
INSERT INTO `middle_school` (`code`,`name`,`district_id`,`contact`,`tel`,`description`) VALUES ('32028134','江阴市体校2','320281','花海忠','13222862286','');
INSERT INTO `middle_school` (`code`,`name`,`district_id`,`contact`,`tel`,`description`) VALUES ('32028135','江阴市第二中学','320281','符群','13771271838','');
INSERT INTO `middle_school` (`code`,`name`,`district_id`,`contact`,`tel`,`description`) VALUES ('32028136','江阴市征存中学','320281','徐文云','13921232697','');
INSERT INTO `middle_school` (`code`,`name`,`district_id`,`contact`,`tel`,`description`) VALUES ('32028137','江阴市天华艺术学校','320281','张沂颖','13961666899','');
INSERT INTO `middle_school` (`code`,`name`,`district_id`,`contact`,`tel`,`description`) VALUES ('32028138','江阴市华士实验学校','320281','黄立新','13961517980','');
INSERT INTO `middle_school` (`code`,`name`,`district_id`,`contact`,`tel`,`description`) VALUES ('32028139','虹桥文化补习学校','320281','袁玲','82933666','');
INSERT INTO `middle_school` (`code`,`name`,`district_id`,`contact`,`tel`,`description`) VALUES ('32028140','江阴市暨阳中学','320281','许斌','05108688295','');
INSERT INTO `middle_school` (`code`,`name`,`district_id`,`contact`,`tel`,`description`) VALUES ('32028141','江阴市华姿中等专业学校','320281','','','');
INSERT INTO `middle_school` (`code`,`name`,`district_id`,`contact`,`tel`,`description`) VALUES ('32028142','江苏省江阴高级中学初中部','320281','张荣国','051086836993','');
INSERT INTO `middle_school` (`code`,`name`,`district_id`,`contact`,`tel`,`description`) VALUES ('32028143','江阴市轻工中等专业学校(长泾)','320281','','','');
INSERT INTO `middle_school` (`code`,`name`,`district_id`,`contact`,`tel`,`description`) VALUES ('32028144','江阴市轻工中等专业学校(新桥)','320281','','','');
INSERT INTO `middle_school` (`code`,`name`,`district_id`,`contact`,`tel`,`description`) VALUES ('32028145','江阴市商业中等专业学校','320281','','','');
INSERT INTO `middle_school` (`code`,`name`,`district_id`,`contact`,`tel`,`description`) VALUES ('32028146','江阴市南华中等专业学校','320281','','','');
INSERT INTO `middle_school` (`code`,`name`,`district_id`,`contact`,`tel`,`description`) VALUES ('32028147','江阴市周庄职业高级中学','320281','','','');
INSERT INTO `middle_school` (`code`,`name`,`district_id`,`contact`,`tel`,`description`) VALUES ('32028148','江阴市陆金标科技学校','320281','','','');
INSERT INTO `middle_school` (`code`,`name`,`district_id`,`contact`,`tel`,`description`) VALUES ('32028149','江阴市璜塘综合高级中学','320281','','','');
INSERT INTO `middle_school` (`code`,`name`,`district_id`,`contact`,`tel`,`description`) VALUES ('32028196','江阴市市报生','320281','','','');
INSERT INTO `middle_school` (`code`,`name`,`district_id`,`contact`,`tel`,`description`) VALUES ('32028201','宜兴市张渚高级中学','320282','黄立新','051087312988','');
INSERT INTO `middle_school` (`code`,`name`,`district_id`,`contact`,`tel`,`description`) VALUES ('32028202','宜兴市徐舍中学','320282','潘煜程','051087609555','');
INSERT INTO `middle_school` (`code`,`name`,`district_id`,`contact`,`tel`,`description`) VALUES ('32028203','宜兴市官林中学','320282','周文龙','051087209996','');
INSERT INTO `middle_school` (`code`,`name`,`district_id`,`contact`,`tel`,`description`) VALUES ('32028204','宜兴市和桥高级中学','320282','杨玲','051087801280','');
INSERT INTO `middle_school` (`code`,`name`,`district_id`,`contact`,`tel`,`description`) VALUES ('32028205','宜兴市周铁中学','320282','吴联华','051087504757','');
INSERT INTO `middle_school` (`code`,`name`,`district_id`,`contact`,`tel`,`description`) VALUES ('32028207','宜兴市丁蜀高级中学','320282','许健','051087403692','');
INSERT INTO `middle_school` (`code`,`name`,`district_id`,`contact`,`tel`,`description`) VALUES ('32028209','宜兴市东山高级中学','320282','李兴春','051087992832','');
INSERT INTO `middle_school` (`code`,`name`,`district_id`,`contact`,`tel`,`description`) VALUES ('32028210','宜兴市铜峰中学','320282','黄国芳','051087061082','');
INSERT INTO `middle_school` (`code`,`name`,`district_id`,`contact`,`tel`,`description`) VALUES ('32028211','宜兴市阳羡高级中学','320282','冯新亚','051087665288','');
INSERT INTO `middle_school` (`code`,`name`,`district_id`,`contact`,`tel`,`description`) VALUES ('32028212','江苏省宜兴中学','320282','裴雅芳','051087987909','');
INSERT INTO `middle_school` (`code`,`name`,`district_id`,`contact`,`tel`,`description`) VALUES ('32028213','江苏省宜兴第一中学','320282','程阳','051087975896','');
INSERT INTO `middle_school` (`code`,`name`,`district_id`,`contact`,`tel`,`description`) VALUES ('32028214','宜兴市汇文中学','320282','沈建华','051087066888','');
INSERT INTO `middle_school` (`code`,`name`,`district_id`,`contact`,`tel`,`description`) VALUES ('32028215','江苏省宜兴中等专业学校','320282','','','');
INSERT INTO `middle_school` (`code`,`name`,`district_id`,`contact`,`tel`,`description`) VALUES ('32028216','江苏省丁蜀中等专业学校','320282','','','');
INSERT INTO `middle_school` (`code`,`name`,`district_id`,`contact`,`tel`,`description`) VALUES ('32028217','宜兴市张渚中等专业学校','320282','','','');
INSERT INTO `middle_school` (`code`,`name`,`district_id`,`contact`,`tel`,`description`) VALUES ('32028218','宜兴市和桥中等专业学校','320282','','','');
INSERT INTO `middle_school` (`code`,`name`,`district_id`,`contact`,`tel`,`description`) VALUES ('32028283','宜兴市丁蜀职业高级中学','320282','芮红明','051087403492','');
INSERT INTO `middle_school` (`code`,`name`,`district_id`,`contact`,`tel`,`description`) VALUES ('32028284','宜兴市职教中心','320282','瞿涛','051087983638','');
INSERT INTO `middle_school` (`code`,`name`,`district_id`,`contact`,`tel`,`description`) VALUES ('32028285','宜兴市教师进修学校','320282','夏阳','051082932600','');
INSERT INTO `middle_school` (`code`,`name`,`district_id`,`contact`,`tel`,`description`) VALUES ('32028286','宜兴市育才学校','320282','司颖蕾','13739113183','');
INSERT INTO `middle_school` (`code`,`name`,`district_id`,`contact`,`tel`,`description`) VALUES ('32028290','宜兴市少年班','320282','','','');
INSERT INTO `middle_school` (`code`,`name`,`district_id`,`contact`,`tel`,`description`) VALUES ('32028296','宜兴市市报生','320282','沈荣良','051087981813','');
INSERT INTO `middle_school` (`code`,`name`,`district_id`,`contact`,`tel`,`description`) VALUES ('32030100','徐州市市区','320301','','051683701770','');
INSERT INTO `middle_school` (`code`,`name`,`district_id`,`contact`,`tel`,`description`) VALUES ('32030101','徐州市第一中学','320301','','','');
INSERT INTO `middle_school` (`code`,`name`,`district_id`,`contact`,`tel`,`description`) VALUES ('32030102','徐州市第二中学','320301','','','');
INSERT INTO `middle_school` (`code`,`name`,`district_id`,`contact`,`tel`,`description`) VALUES ('32030103','徐州市第三中学','320301','','','');
INSERT INTO `middle_school` (`code`,`name`,`district_id`,`contact`,`tel`,`description`) VALUES ('32030105','徐州市第五中学','320301','','','');
INSERT INTO `middle_school` (`code`,`name`,`district_id`,`contact`,`tel`,`description`) VALUES ('32030106','徐州高级中学','320301','','','');
INSERT INTO `middle_school` (`code`,`name`,`district_id`,`contact`,`tel`,`description`) VALUES ('32030107','徐州市王杰中学','320301','','','');
INSERT INTO `middle_school` (`code`,`name`,`district_id`,`contact`,`tel`,`description`) VALUES ('32030108','徐州市第二十六中学','320301','','','');
INSERT INTO `middle_school` (`code`,`name`,`district_id`,`contact`,`tel`,`description`) VALUES ('32030109','徐州市第二十九中学','320301','','','');
INSERT INTO `middle_school` (`code`,`name`,`district_id`,`contact`,`tel`,`description`) VALUES ('32030110','徐州市三十五中学','320301','','','');
INSERT INTO `middle_school` (`code`,`name`,`district_id`,`contact`,`tel`,`description`) VALUES ('32030111','徐州市三十六中学','320301','','','');
INSERT INTO `middle_school` (`code`,`name`,`district_id`,`contact`,`tel`,`description`) VALUES ('32030112','徐州市三十七中学','320301','','','');
INSERT INTO `middle_school` (`code`,`name`,`district_id`,`contact`,`tel`,`description`) VALUES ('32030113','徐州矿务集团第二中学','320301','','','');
INSERT INTO `middle_school` (`code`,`name`,`district_id`,`contact`,`tel`,`description`) VALUES ('32030114','徐州市城东中学','320301','','','');
INSERT INTO `middle_school` (`code`,`name`,`district_id`,`contact`,`tel`,`description`) VALUES ('32030115','中国矿业大学附属中学','320301','','','');
INSERT INTO `middle_school` (`code`,`name`,`district_id`,`contact`,`tel`,`description`) VALUES ('32030116','徐州市九里中学','320301','','','');
INSERT INTO `middle_school` (`code`,`name`,`district_id`,`contact`,`tel`,`description`) VALUES ('32030117','徐州市务本高中','320301','','','');
INSERT INTO `middle_school` (`code`,`name`,`district_id`,`contact`,`tel`,`description`) VALUES ('32030118','徐州市侯集高级中学','320301','','','');
INSERT INTO `middle_school` (`code`,`name`,`district_id`,`contact`,`tel`,`description`) VALUES ('32030119','徐州市九里启东分校','320301','','','');
INSERT INTO `middle_school` (`code`,`name`,`district_id`,`contact`,`tel`,`description`) VALUES ('32030120','江苏省徐州财经高等职业技术学校','320301','','','');
INSERT INTO `middle_school` (`code`,`name`,`district_id`,`contact`,`tel`,`description`) VALUES ('32030121','徐州市凌云中学','320301','','','');
INSERT INTO `middle_school` (`code`,`name`,`district_id`,`contact`,`tel`,`description`) VALUES ('32030122','徐州市晨光国际学校','320301','','','');
INSERT INTO `middle_school` (`code`,`name`,`district_id`,`contact`,`tel`,`description`) VALUES ('32030123','徐州市启星中学','320301','','','');
INSERT INTO `middle_school` (`code`,`name`,`district_id`,`contact`,`tel`,`description`) VALUES ('32030124','徐州彭城中学','320301','','','');
INSERT INTO `middle_school` (`code`,`name`,`district_id`,`contact`,`tel`,`description`) VALUES ('32030125','徐州工业职业技术学院继教院','320301','','','');
INSERT INTO `middle_school` (`code`,`name`,`district_id`,`contact`,`tel`,`description`) VALUES ('32030126','徐州市撷秀中学','320301','','','');
INSERT INTO `middle_school` (`code`,`name`,`district_id`,`contact`,`tel`,`description`) VALUES ('32030127','徐州市树人中学','320301','','','');
INSERT INTO `middle_school` (`code`,`name`,`district_id`,`contact`,`tel`,`description`) VALUES ('32030128','徐州市昕昕中学','320301','','','');
INSERT INTO `middle_school` (`code`,`name`,`district_id`,`contact`,`tel`,`description`) VALUES ('32030129','徐州市辅仁中学','320301','','','');
INSERT INTO `middle_school` (`code`,`name`,`district_id`,`contact`,`tel`,`description`) VALUES ('32030130','徐州市大成中学','320301','','','');
INSERT INTO `middle_school` (`code`,`name`,`district_id`,`contact`,`tel`,`description`) VALUES ('32030131','江苏省徐州市中等专业学校','320301','','','');
INSERT INTO `middle_school` (`code`,`name`,`district_id`,`contact`,`tel`,`description`) VALUES ('32030132','徐州市第二中等专业学校','320301','','','');
INSERT INTO `middle_school` (`code`,`name`,`district_id`,`contact`,`tel`,`description`) VALUES ('32030133','徐州市第三职业中学','320301','','','');
INSERT INTO `middle_school` (`code`,`name`,`district_id`,`contact`,`tel`,`description`) VALUES ('32030134','徐州市第四职业中学','320301','','','');
INSERT INTO `middle_school` (`code`,`name`,`district_id`,`contact`,`tel`,`description`) VALUES ('32030135','江苏省徐州幼儿师范学校','320301','','','');
INSERT INTO `middle_school` (`code`,`name`,`district_id`,`contact`,`tel`,`description`) VALUES ('32030136','徐州市第六职业中学','320301','','','');
INSERT INTO `middle_school` (`code`,`name`,`district_id`,`contact`,`tel`,`description`) VALUES ('32030137','徐州文化艺术学校','320301','','','');
INSERT INTO `middle_school` (`code`,`name`,`district_id`,`contact`,`tel`,`description`) VALUES ('32030138','徐州机械制造职工中等专业学校','320301','','','');
INSERT INTO `middle_school` (`code`,`name`,`district_id`,`contact`,`tel`,`description`) VALUES ('32030139','徐州市农机职工中等专业学校','320301','','','');
INSERT INTO `middle_school` (`code`,`name`,`district_id`,`contact`,`tel`,`description`) VALUES ('32030140','徐州市江北技校','320301','','','');
INSERT INTO `middle_school` (`code`,`name`,`district_id`,`contact`,`tel`,`description`) VALUES ('32030141','徐州市文化艺术学校','320301','','','');
INSERT INTO `middle_school` (`code`,`name`,`district_id`,`contact`,`tel`,`description`) VALUES ('32030142','徐州市幼儿师范学校','320301','','','');
INSERT INTO `middle_school` (`code`,`name`,`district_id`,`contact`,`tel`,`description`) VALUES ('32030143','徐州市师范学校','320301','','','');
INSERT INTO `middle_school` (`code`,`name`,`district_id`,`contact`,`tel`,`description`) VALUES ('32030144','徐州市恒升教育培训中心','320301','','','');
INSERT INTO `middle_school` (`code`,`name`,`district_id`,`contact`,`tel`,`description`) VALUES ('32030145','徐州经贸高等职业学校','320301','','','');
INSERT INTO `middle_school` (`code`,`name`,`district_id`,`contact`,`tel`,`description`) VALUES ('32030146','徐州生物工程高等职业学校','320301','','','');
INSERT INTO `middle_school` (`code`,`name`,`district_id`,`contact`,`tel`,`description`) VALUES ('32030147','江苏省徐州医药高等职业学校','320301','','','');
INSERT INTO `middle_school` (`code`,`name`,`district_id`,`contact`,`tel`,`description`) VALUES ('32030148','徐州市体育运动学校','320301','','','');
INSERT INTO `middle_school` (`code`,`name`,`district_id`,`contact`,`tel`,`description`) VALUES ('32030149','矿大高水平','320301','','','');
INSERT INTO `middle_school` (`code`,`name`,`district_id`,`contact`,`tel`,`description`) VALUES ('32030150','徐州建材职工中等专业学校','320301','','','');
INSERT INTO `middle_school` (`code`,`name`,`district_id`,`contact`,`tel`,`description`) VALUES ('32030151','徐州市金榜高考复读学校','320301','','','');
INSERT INTO `middle_school` (`code`,`name`,`district_id`,`contact`,`tel`,`description`) VALUES ('32030152','徐州冶金职工中等专业学校','320301','','','');
INSERT INTO `middle_school` (`code`,`name`,`district_id`,`contact`,`tel`,`description`) VALUES ('32030153','徐州市电子技术学校','320301','','','');
INSERT INTO `middle_school` (`code`,`name`,`district_id`,`contact`,`tel`,`description`) VALUES ('32030154','徐州市农业干部中等专业学校','320301','','','');
INSERT INTO `middle_school` (`code`,`name`,`district_id`,`contact`,`tel`,`description`) VALUES ('32030155','徐州市交通职工中等专业学校','320301','','','');
INSERT INTO `middle_school` (`code`,`name`,`district_id`,`contact`,`tel`,`description`) VALUES ('32030156','徐州能源工业学校','320301','','','');
INSERT INTO `middle_school` (`code`,`name`,`district_id`,`contact`,`tel`,`description`) VALUES ('32030157','徐州市工会职工中等专业学校','320301','','','');
INSERT INTO `middle_school` (`code`,`name`,`district_id`,`contact`,`tel`,`description`) VALUES ('32030158','徐州铁路成人中等专业学校','320301','','','');
INSERT INTO `middle_school` (`code`,`name`,`district_id`,`contact`,`tel`,`description`) VALUES ('32030159','徐州建筑职工中等专业学校','320301','','','');
INSERT INTO `middle_school` (`code`,`name`,`district_id`,`contact`,`tel`,`description`) VALUES ('32030160','徐州机电工程学校','320301','','','');
INSERT INTO `middle_school` (`code`,`name`,`district_id`,`contact`,`tel`,`description`) VALUES ('32030161','徐州幼儿高等师范学校','320301','','','');
INSERT INTO `middle_school` (`code`,`name`,`district_id`,`contact`,`tel`,`description`) VALUES ('32030162','徐州电视中等专业学校','320301','','','');
INSERT INTO `middle_school` (`code`,`name`,`district_id`,`contact`,`tel`,`description`) VALUES ('32030163','矿大煤碳单招','320301','','','');
INSERT INTO `middle_school` (`code`,`name`,`district_id`,`contact`,`tel`,`description`) VALUES ('32030164','徐州矿务局技校','320301','','','');
INSERT INTO `middle_school` (`code`,`name`,`district_id`,`contact`,`tel`,`description`) VALUES ('32030165','徐州市第九职业中学','320301','','','');
INSERT INTO `middle_school` (`code`,`name`,`district_id`,`contact`,`tel`,`description`) VALUES ('32030166','徐州市九里区职业高级中学','320301','','','');
INSERT INTO `middle_school` (`code`,`name`,`district_id`,`contact`,`tel`,`description`) VALUES ('32030167','矿务集团第一职业中学','320301','','','');
INSERT INTO `middle_school` (`code`,`name`,`district_id`,`contact`,`tel`,`description`) VALUES ('32030168','矿务集团第二职业中学','320301','','','');
INSERT INTO `middle_school` (`code`,`name`,`district_id`,`contact`,`tel`,`description`) VALUES ('32030169','矿务集团第三职业中学','320301','','','');
INSERT INTO `middle_school` (`code`,`name`,`district_id`,`contact`,`tel`,`description`) VALUES ('32030170','徐州技师学院','320301','','','');
INSERT INTO `middle_school` (`code`,`name`,`district_id`,`contact`,`tel`,`description`) VALUES ('32030171','江苏省工贸高级技工学校','320301','','','');
INSERT INTO `middle_school` (`code`,`name`,`district_id`,`contact`,`tel`,`description`) VALUES ('32030172','江苏省煤炭基本建设高级技工学校','320301','','','');
INSERT INTO `middle_school` (`code`,`name`,`district_id`,`contact`,`tel`,`description`) VALUES ('32030173','徐州工程机械技工学校','320301','','','');
INSERT INTO `middle_school` (`code`,`name`,`district_id`,`contact`,`tel`,`description`) VALUES ('32030174','江苏煤电高级技工学校','320301','','','');
INSERT INTO `middle_school` (`code`,`name`,`district_id`,`contact`,`tel`,`description`) VALUES ('32030175','徐州市商业技工学校','320301','','','');
INSERT INTO `middle_school` (`code`,`name`,`district_id`,`contact`,`tel`,`description`) VALUES ('32030176','徐州煤矿机械厂技工学校','320301','','','');
INSERT INTO `middle_school` (`code`,`name`,`district_id`,`contact`,`tel`,`description`) VALUES ('32030177','徐州市建筑技工学校','320301','','','');
INSERT INTO `middle_school` (`code`,`name`,`district_id`,`contact`,`tel`,`description`) VALUES ('32030178','徐州市纺织技工学校','320301','','','');
INSERT INTO `middle_school` (`code`,`name`,`district_id`,`contact`,`tel`,`description`) VALUES ('32030179','徐州铁路运输技工学校','320301','','','');
INSERT INTO `middle_school` (`code`,`name`,`district_id`,`contact`,`tel`,`description`) VALUES ('32030180','徐州经济开发区工业学校','320301','','','');
INSERT INTO `middle_school` (`code`,`name`,`district_id`,`contact`,`tel`,`description`) VALUES ('32030181','徐州建筑职业技术学院','320301','','','');
INSERT INTO `middle_school` (`code`,`name`,`district_id`,`contact`,`tel`,`description`) VALUES ('32030196','往届生','320301','','','');
INSERT INTO `middle_school` (`code`,`name`,`district_id`,`contact`,`tel`,`description`) VALUES ('32030197','应届中专生','320301','','','');
INSERT INTO `middle_school` (`code`,`name`,`district_id`,`contact`,`tel`,`description`) VALUES ('32030198','应届职高生','320301','','','');
INSERT INTO `middle_school` (`code`,`name`,`district_id`,`contact`,`tel`,`description`) VALUES ('32030199','外地生','320301','','','');
INSERT INTO `middle_school` (`code`,`name`,`district_id`,`contact`,`tel`,`description`) VALUES ('32030501','徐州市第七中学','320305','','','');
INSERT INTO `middle_school` (`code`,`name`,`district_id`,`contact`,`tel`,`description`) VALUES ('32030502','江苏省贾汪中学','320305','','','');
INSERT INTO `middle_school` (`code`,`name`,`district_id`,`contact`,`tel`,`description`) VALUES ('32068322','南通市通州区建筑职工中等专业学','320683','','','');
INSERT INTO `middle_school` (`code`,`name`,`district_id`,`contact`,`tel`,`description`) VALUES ('32030505','徐州市建平中学','320305','','','');
INSERT INTO `middle_school` (`code`,`name`,`district_id`,`contact`,`tel`,`description`) VALUES ('32030506','贾汪青山泉职业中学','320305','','','');
INSERT INTO `middle_school` (`code`,`name`,`district_id`,`contact`,`tel`,`description`) VALUES ('32030507','徐州市贾汪区中等专业学校','320305','','','');
INSERT INTO `middle_school` (`code`,`name`,`district_id`,`contact`,`tel`,`description`) VALUES ('32030508','贾汪大吴职业中学','320305','','','');
INSERT INTO `middle_school` (`code`,`name`,`district_id`,`contact`,`tel`,`description`) VALUES ('32030596','贾汪区往届生','320305','','','');
INSERT INTO `middle_school` (`code`,`name`,`district_id`,`contact`,`tel`,`description`) VALUES ('32030599','贾汪区外地考生','320305','','','');
INSERT INTO `middle_school` (`code`,`name`,`district_id`,`contact`,`tel`,`description`) VALUES ('32032100','丰县招办','320321','','','');
INSERT INTO `middle_school` (`code`,`name`,`district_id`,`contact`,`tel`,`description`) VALUES ('32032101','江苏省丰县中学','320321','','','');
INSERT INTO `middle_school` (`code`,`name`,`district_id`,`contact`,`tel`,`description`) VALUES ('32032102','丰县民族中学','320321','','','');
INSERT INTO `middle_school` (`code`,`name`,`district_id`,`contact`,`tel`,`description`) VALUES ('32032103','江苏省丰县宋楼中学','320321','','','');
INSERT INTO `middle_school` (`code`,`name`,`district_id`,`contact`,`tel`,`description`) VALUES ('32032104','江苏省丰县梁寨中学','320321','','','');
INSERT INTO `middle_school` (`code`,`name`,`district_id`,`contact`,`tel`,`description`) VALUES ('32032105','江苏省丰县华山中学','320321','','','');
INSERT INTO `middle_school` (`code`,`name`,`district_id`,`contact`,`tel`,`description`) VALUES ('32032106','江苏省丰县欢口中学','320321','','','');
INSERT INTO `middle_school` (`code`,`name`,`district_id`,`contact`,`tel`,`description`) VALUES ('32032107','江苏省丰县顺河中学','320321','','','');
INSERT INTO `middle_school` (`code`,`name`,`district_id`,`contact`,`tel`,`description`) VALUES ('32032108','丰县赵庄中学','320321','','','');
INSERT INTO `middle_school` (`code`,`name`,`district_id`,`contact`,`tel`,`description`) VALUES ('32032109','江苏省丰县王沟中学','320321','','','');
INSERT INTO `middle_school` (`code`,`name`,`district_id`,`contact`,`tel`,`description`) VALUES ('32032110','丰县群益中学','320321','','','');
INSERT INTO `middle_school` (`code`,`name`,`district_id`,`contact`,`tel`,`description`) VALUES ('32032111','丰县树人中学','320321','李美兰','13775918589','');
INSERT INTO `middle_school` (`code`,`name`,`district_id`,`contact`,`tel`,`description`) VALUES ('32032112','丰县向明中学','320321','吴修坤','13952221231','');
INSERT INTO `middle_school` (`code`,`name`,`district_id`,`contact`,`tel`,`description`) VALUES ('32032113','丰县广宇中英文学校','320321','司成立','51689803661','');
INSERT INTO `middle_school` (`code`,`name`,`district_id`,`contact`,`tel`,`description`) VALUES ('32032114','丰县修远双语学校','320321','许西平','51680195000','');
INSERT INTO `middle_school` (`code`,`name`,`district_id`,`contact`,`tel`,`description`) VALUES ('32032115','徐州市丰县卫生职工中等专业学校','320321','','','');
INSERT INTO `middle_school` (`code`,`name`,`district_id`,`contact`,`tel`,`description`) VALUES ('32032116','江苏省丰县中等专业学校','320321','','','');
INSERT INTO `middle_school` (`code`,`name`,`district_id`,`contact`,`tel`,`description`) VALUES ('32032117','丰县果园职业中学','320321','','','');
INSERT INTO `middle_school` (`code`,`name`,`district_id`,`contact`,`tel`,`description`) VALUES ('32032151','丰县人民路校','320321','','','');
INSERT INTO `middle_school` (`code`,`name`,`district_id`,`contact`,`tel`,`description`) VALUES ('32032152','丰县创新外国语校','320321','','','');
INSERT INTO `middle_school` (`code`,`name`,`district_id`,`contact`,`tel`,`description`) VALUES ('32032196','往届生','320321','陈绳伟','51689712012','');
INSERT INTO `middle_school` (`code`,`name`,`district_id`,`contact`,`tel`,`description`) VALUES ('32032197','应届中专生','320321','黄清华','51685309950','');
INSERT INTO `middle_school` (`code`,`name`,`district_id`,`contact`,`tel`,`description`) VALUES ('32032198','应届职高生','320321','赵厚金','51689098398','');
INSERT INTO `middle_school` (`code`,`name`,`district_id`,`contact`,`tel`,`description`) VALUES ('32032199','外回生','320321','宋作灵','13626177300','');
INSERT INTO `middle_school` (`code`,`name`,`district_id`,`contact`,`tel`,`description`) VALUES ('32032201','江苏省沛县中学','320322','刘培兆','51689636556','');
INSERT INTO `middle_school` (`code`,`name`,`district_id`,`contact`,`tel`,`description`) VALUES ('32032202','沛县第二中学','320322','张永才','51689603060','');
INSERT INTO `middle_school` (`code`,`name`,`district_id`,`contact`,`tel`,`description`) VALUES ('32032203','沛县张寨中学','320322','高兴华','51689609599','');
INSERT INTO `middle_school` (`code`,`name`,`district_id`,`contact`,`tel`,`description`) VALUES ('32032204','沛县湖西中学','320322','郝心祥','51689675068','');
INSERT INTO `middle_school` (`code`,`name`,`district_id`,`contact`,`tel`,`description`) VALUES ('32032205','沛县朱寨中学','320322','张子健','13952139155','');
INSERT INTO `middle_school` (`code`,`name`,`district_id`,`contact`,`tel`,`description`) VALUES ('32032208','沛县敬安中学','320322','','','');
INSERT INTO `middle_school` (`code`,`name`,`district_id`,`contact`,`tel`,`description`) VALUES ('32032209','沛县五段中学','320322','','','');
INSERT INTO `middle_school` (`code`,`name`,`district_id`,`contact`,`tel`,`description`) VALUES ('32032212','江苏省沛县中等专业学校','320322','','','');
INSERT INTO `middle_school` (`code`,`name`,`district_id`,`contact`,`tel`,`description`) VALUES ('32032213','沛县汉台高级中学','320322','','','');
INSERT INTO `middle_school` (`code`,`name`,`district_id`,`contact`,`tel`,`description`) VALUES ('32032214','沛县歌风中学','320322','','','');
INSERT INTO `middle_school` (`code`,`name`,`district_id`,`contact`,`tel`,`description`) VALUES ('32032216','江苏省沛县新华中学','320322','','','');
INSERT INTO `middle_school` (`code`,`name`,`district_id`,`contact`,`tel`,`description`) VALUES ('32032217','沛县汉城国际学校','320322','','','');
INSERT INTO `middle_school` (`code`,`name`,`district_id`,`contact`,`tel`,`description`) VALUES ('32032218','沛县开元中学','320322','','','');
INSERT INTO `middle_school` (`code`,`name`,`district_id`,`contact`,`tel`,`description`) VALUES ('32032219','沛县第六中学','320322','','','');
INSERT INTO `middle_school` (`code`,`name`,`district_id`,`contact`,`tel`,`description`) VALUES ('32032220','徐州保安职业技术学校','320322','','','');
INSERT INTO `middle_school` (`code`,`name`,`district_id`,`contact`,`tel`,`description`) VALUES ('32032231','沛县初级中学','320322','','','');
INSERT INTO `middle_school` (`code`,`name`,`district_id`,`contact`,`tel`,`description`) VALUES ('32032232','沛县第三中学','320322','','','');
INSERT INTO `middle_school` (`code`,`name`,`district_id`,`contact`,`tel`,`description`) VALUES ('32032233','沛县第五中学','320322','','','');
INSERT INTO `middle_school` (`code`,`name`,`district_id`,`contact`,`tel`,`description`) VALUES ('32032296','沛县往届生','320322','','','');
INSERT INTO `middle_school` (`code`,`name`,`district_id`,`contact`,`tel`,`description`) VALUES ('32032297','沛县应届中专','320322','','','');
INSERT INTO `middle_school` (`code`,`name`,`district_id`,`contact`,`tel`,`description`) VALUES ('32032298','沛县应届职高','320322','','','');
INSERT INTO `middle_school` (`code`,`name`,`district_id`,`contact`,`tel`,`description`) VALUES ('32032299','沛县外地生','320322','','','');
INSERT INTO `middle_school` (`code`,`name`,`district_id`,`contact`,`tel`,`description`) VALUES ('32032301','郑集中学','320323','','','');
INSERT INTO `middle_school` (`code`,`name`,`district_id`,`contact`,`tel`,`description`) VALUES ('32032302','侯集中学','320323','','','');
INSERT INTO `middle_school` (`code`,`name`,`district_id`,`contact`,`tel`,`description`) VALUES ('32032303','棠张中学','320323','','','');
INSERT INTO `middle_school` (`code`,`name`,`district_id`,`contact`,`tel`,`description`) VALUES ('32032304','茅村中学','320323','','','');
INSERT INTO `middle_school` (`code`,`name`,`district_id`,`contact`,`tel`,`description`) VALUES ('32032305','夹河中学','320323','','','');
INSERT INTO `middle_school` (`code`,`name`,`district_id`,`contact`,`tel`,`description`) VALUES ('32032306','大许中学','320323','','','');
INSERT INTO `middle_school` (`code`,`name`,`district_id`,`contact`,`tel`,`description`) VALUES ('32032307','铜山中学','320323','','','');
INSERT INTO `middle_school` (`code`,`name`,`district_id`,`contact`,`tel`,`description`) VALUES ('32032308','铜山县综合高级中学','320323','','','');
INSERT INTO `middle_school` (`code`,`name`,`district_id`,`contact`,`tel`,`description`) VALUES ('32032309','铜山县柳新中学','320323','','','');
INSERT INTO `middle_school` (`code`,`name`,`district_id`,`contact`,`tel`,`description`) VALUES ('32032310','铜山县房村中学','320323','','','');
INSERT INTO `middle_school` (`code`,`name`,`district_id`,`contact`,`tel`,`description`) VALUES ('32032311','铜山新区中学','320323','','','');
INSERT INTO `middle_school` (`code`,`name`,`district_id`,`contact`,`tel`,`description`) VALUES ('32032312','徐州市启星中学','320323','李本松','13852227785','');
INSERT INTO `middle_school` (`code`,`name`,`district_id`,`contact`,`tel`,`description`) VALUES ('32032313','辅仁中学','320323','','','');
INSERT INTO `middle_school` (`code`,`name`,`district_id`,`contact`,`tel`,`description`) VALUES ('32032314','徐州市特殊教育中心','320323','姚献章','13776767109','');
INSERT INTO `middle_school` (`code`,`name`,`district_id`,`contact`,`tel`,`description`) VALUES ('32032315','铜山县春晖中学','320323','王磊','13952256565','');
INSERT INTO `middle_school` (`code`,`name`,`district_id`,`contact`,`tel`,`description`) VALUES ('32032316','铜北中学','320323','严兆丰','13952124253','');
INSERT INTO `middle_school` (`code`,`name`,`district_id`,`contact`,`tel`,`description`) VALUES ('32032317','铜山中等专业学校','320323','','','');
INSERT INTO `middle_school` (`code`,`name`,`district_id`,`contact`,`tel`,`description`) VALUES ('32032318','江苏省张集中等专业学校','320323','','','');
INSERT INTO `middle_school` (`code`,`name`,`district_id`,`contact`,`tel`,`description`) VALUES ('32032319','铜山马坡职业中学','320323','','','');
INSERT INTO `middle_school` (`code`,`name`,`district_id`,`contact`,`tel`,`description`) VALUES ('32032320','铜山棠张职业中学','320323','','','');
INSERT INTO `middle_school` (`code`,`name`,`district_id`,`contact`,`tel`,`description`) VALUES ('32032321','铜山柳新职业中学','320323','','','');
INSERT INTO `middle_school` (`code`,`name`,`district_id`,`contact`,`tel`,`description`) VALUES ('32032322','铜山张集镇职业中学','320323','','','');
INSERT INTO `middle_school` (`code`,`name`,`district_id`,`contact`,`tel`,`description`) VALUES ('32032323','铜山新区职业中学','320323','','','');
INSERT INTO `middle_school` (`code`,`name`,`district_id`,`contact`,`tel`,`description`) VALUES ('32032396','铜山县往届','320323','宋志超','13852228696','');
INSERT INTO `middle_school` (`code`,`name`,`district_id`,`contact`,`tel`,`description`) VALUES ('32032397','铜山县应届中专','320323','李言军','13605220827','');
INSERT INTO `middle_school` (`code`,`name`,`district_id`,`contact`,`tel`,`description`) VALUES ('32032398','铜山县应届职高','320323','宗靖','13179736566','');
INSERT INTO `middle_school` (`code`,`name`,`district_id`,`contact`,`tel`,`description`) VALUES ('32032399','回铜山外地考生','320323','刘明','13395250838','');
INSERT INTO `middle_school` (`code`,`name`,`district_id`,`contact`,`tel`,`description`) VALUES ('32032401','江苏省睢宁高级中学','320324','张甫宗','88353789','');
INSERT INTO `middle_school` (`code`,`name`,`district_id`,`contact`,`tel`,`description`) VALUES ('32032402','睢宁县李集中学','320324','张明华','86779788','');
INSERT INTO `middle_school` (`code`,`name`,`district_id`,`contact`,`tel`,`description`) VALUES ('32118202','扬中市新坝中学','321182','方寿根','0511-7275111','');
INSERT INTO `middle_school` (`code`,`name`,`district_id`,`contact`,`tel`,`description`) VALUES ('32118203','扬中市第二高级中学','321182','姜嘉喜','0511-7268854','');
INSERT INTO `middle_school` (`code`,`name`,`district_id`,`contact`,`tel`,`description`) VALUES ('32118204','扬中市八桥中学','321182','魏杰民','0523-6669008','');
INSERT INTO `middle_school` (`code`,`name`,`district_id`,`contact`,`tel`,`description`) VALUES ('32118205','扬中市实验中学','321182','毛加和','0523-6234961','');
INSERT INTO `middle_school` (`code`,`name`,`district_id`,`contact`,`tel`,`description`) VALUES ('32118206','扬中市西来桥学校','321182','夏道忠','0523-2094576','');
INSERT INTO `middle_school` (`code`,`name`,`district_id`,`contact`,`tel`,`description`) VALUES ('32118207','扬中市教师进修学校','321182','','','');
INSERT INTO `middle_school` (`code`,`name`,`district_id`,`contact`,`tel`,`description`) VALUES ('32118208','江苏省扬中中等专业学校','321182','','','');
INSERT INTO `middle_school` (`code`,`name`,`district_id`,`contact`,`tel`,`description`) VALUES ('32118296','扬中市往届生','321182','王加升','0523-6832419','');
INSERT INTO `middle_school` (`code`,`name`,`district_id`,`contact`,`tel`,`description`) VALUES ('32118299','扬中市回考生','321182','解春祥','0523-5685065','');
INSERT INTO `middle_school` (`code`,`name`,`district_id`,`contact`,`tel`,`description`) VALUES ('32118301','江苏省句容高级中学','321183','封留','13655291100','');
INSERT INTO `middle_school` (`code`,`name`,`district_id`,`contact`,`tel`,`description`) VALUES ('32118302','句容市民办高级中学','321183','骆铮','5236164572','');
INSERT INTO `middle_school` (`code`,`name`,`district_id`,`contact`,`tel`,`description`) VALUES ('32118303','句容市实验高级中学','321183','殷德明','5236181119','');
INSERT INTO `middle_school` (`code`,`name`,`district_id`,`contact`,`tel`,`description`) VALUES ('32118304','句容市第三中学','321183','孙宝泉','5236166551','');
INSERT INTO `middle_school` (`code`,`name`,`district_id`,`contact`,`tel`,`description`) VALUES ('32118305','句容市玉清中学','321183','','','');
INSERT INTO `middle_school` (`code`,`name`,`district_id`,`contact`,`tel`,`description`) VALUES ('32118306','句容市第一中学','321183','','','');
INSERT INTO `middle_school` (`code`,`name`,`district_id`,`contact`,`tel`,`description`) VALUES ('32118307','句容市高补班','321183','方扬平','51182769309','');
INSERT INTO `middle_school` (`code`,`name`,`district_id`,`contact`,`tel`,`description`) VALUES ('32068324','南通市通州区政协文化技术学校','320683','','','');
INSERT INTO `middle_school` (`code`,`name`,`district_id`,`contact`,`tel`,`description`) VALUES ('32118309','江苏省句容中等专业学校','321183','','','');
INSERT INTO `middle_school` (`code`,`name`,`district_id`,`contact`,`tel`,`description`) VALUES ('32118310','江苏省句容中等专业学校','321183','','','');
INSERT INTO `middle_school` (`code`,`name`,`district_id`,`contact`,`tel`,`description`) VALUES ('32118396','句容市往届生','321183','杨贵森','','');
INSERT INTO `middle_school` (`code`,`name`,`district_id`,`contact`,`tel`,`description`) VALUES ('32010227','南京市中等专业（走读）学校','320102','','','');
INSERT INTO `middle_school` (`code`,`name`,`district_id`,`contact`,`tel`,`description`) VALUES ('32010297','玄武区中专生','320102','','','');
INSERT INTO `middle_school` (`code`,`name`,`district_id`,`contact`,`tel`,`description`) VALUES ('32118399','句容市应届回考生','321183','杨贵森','','');
INSERT INTO `middle_school` (`code`,`name`,`district_id`,`contact`,`tel`,`description`) VALUES ('32130101','江苏省宿迁中学','321301','张维国','','');
INSERT INTO `middle_school` (`code`,`name`,`district_id`,`contact`,`tel`,`description`) VALUES ('32130102','宿迁青华中学','321301','肖朗','','');
INSERT INTO `middle_school` (`code`,`name`,`district_id`,`contact`,`tel`,`description`) VALUES ('32130103','江苏省宿迁中等专业学校','321301','','','');
INSERT INTO `middle_school` (`code`,`name`,`district_id`,`contact`,`tel`,`description`) VALUES ('32130201','江苏省宿迁市马陵中学','321302','张宇','13951395376','');
INSERT INTO `middle_school` (`code`,`name`,`district_id`,`contact`,`tel`,`description`) VALUES ('32130202','宿迁市宿城区实验高级中学','321302','张志','13951363017','');
INSERT INTO `middle_school` (`code`,`name`,`district_id`,`contact`,`tel`,`description`) VALUES ('32010298','玄武区职高生','320102','','','');
INSERT INTO `middle_school` (`code`,`name`,`district_id`,`contact`,`tel`,`description`) VALUES ('32130205','宿城区洋河实验学校','321302','周志虎','13815758935','');
INSERT INTO `middle_school` (`code`,`name`,`district_id`,`contact`,`tel`,`description`) VALUES ('32130207','宿迁市宿城中等专业学校','321302','','','');
INSERT INTO `middle_school` (`code`,`name`,`district_id`,`contact`,`tel`,`description`) VALUES ('32130208','宿城一中','321302','','','');
INSERT INTO `middle_school` (`code`,`name`,`district_id`,`contact`,`tel`,`description`) VALUES ('32130209','宿城区洋河职业高级中学','321302','','','');
INSERT INTO `middle_school` (`code`,`name`,`district_id`,`contact`,`tel`,`description`) VALUES ('32130210','宿迁爱迪生中等专业学校','321302','','','');
INSERT INTO `middle_school` (`code`,`name`,`district_id`,`contact`,`tel`,`description`) VALUES ('32132100','宿豫区区报生','321321','李劲松','15250766688','');
INSERT INTO `middle_school` (`code`,`name`,`district_id`,`contact`,`tel`,`description`) VALUES ('32132101','江苏省宿豫中学','321321','骆红军','13515291365','');
INSERT INTO `middle_school` (`code`,`name`,`district_id`,`contact`,`tel`,`description`) VALUES ('32132102','宿迁市宿豫区实验高中','321321','赵新龙','13585263918','');
INSERT INTO `middle_school` (`code`,`name`,`district_id`,`contact`,`tel`,`description`) VALUES ('32132103','宿豫区来龙高级中学','321321','郭尹岭','052788185562','');
INSERT INTO `middle_school` (`code`,`name`,`district_id`,`contact`,`tel`,`description`) VALUES ('32132104','宿迁市汇文中学','321321','王克章','13179565936','');
INSERT INTO `middle_school` (`code`,`name`,`district_id`,`contact`,`tel`,`description`) VALUES ('32132105','宿豫区文昌高级中学','321321','','','');
INSERT INTO `middle_school` (`code`,`name`,`district_id`,`contact`,`tel`,`description`) VALUES ('32132106','实验初中','321321','','','');
INSERT INTO `middle_school` (`code`,`name`,`district_id`,`contact`,`tel`,`description`) VALUES ('32132107','江苏省宿豫中等专业学校','321321','','','');
INSERT INTO `middle_school` (`code`,`name`,`district_id`,`contact`,`tel`,`description`) VALUES ('32132108','宿豫区第二职业高级中学','321321','','','');
INSERT INTO `middle_school` (`code`,`name`,`district_id`,`contact`,`tel`,`description`) VALUES ('32132109','宿迁经贸高等专业学校中专部','321321','','','');
INSERT INTO `middle_school` (`code`,`name`,`district_id`,`contact`,`tel`,`description`) VALUES ('32132201','江苏省沭阳高级中学','321322','','','');
INSERT INTO `middle_school` (`code`,`name`,`district_id`,`contact`,`tel`,`description`) VALUES ('32132202','沭阳县建陵中学','321322','','','');
INSERT INTO `middle_school` (`code`,`name`,`district_id`,`contact`,`tel`,`description`) VALUES ('32132203','沭阳县华冲中学','321322','','','');
INSERT INTO `middle_school` (`code`,`name`,`district_id`,`contact`,`tel`,`description`) VALUES ('32132204','沭阳县塘沟中学','321322','','','');
INSERT INTO `middle_school` (`code`,`name`,`district_id`,`contact`,`tel`,`description`) VALUES ('32132205','沭阳县马厂中学','321322','','','');
INSERT INTO `middle_school` (`code`,`name`,`district_id`,`contact`,`tel`,`description`) VALUES ('32132206','沭阳县庙头中学','321322','','','');
INSERT INTO `middle_school` (`code`,`name`,`district_id`,`contact`,`tel`,`description`) VALUES ('32132207','沭阳府苑中英文学校','321322','翁后虎','13815725728','');
INSERT INTO `middle_school` (`code`,`name`,`district_id`,`contact`,`tel`,`description`) VALUES ('32132208','沭阳光明实验高级中学','321322','高其兵','13815749592','');
INSERT INTO `middle_school` (`code`,`name`,`district_id`,`contact`,`tel`,`description`) VALUES ('32132209','沭阳县潼阳中学','321322','洪卫国','13951198155','');
INSERT INTO `middle_school` (`code`,`name`,`district_id`,`contact`,`tel`,`description`) VALUES ('32132210','沭阳县修远中学','321322','李松涛','13815758566','');
INSERT INTO `middle_school` (`code`,`name`,`district_id`,`contact`,`tel`,`description`) VALUES ('32132211','沭阳县怀明中学','321322','宋相军','13235135001','');
INSERT INTO `middle_school` (`code`,`name`,`district_id`,`contact`,`tel`,`description`) VALUES ('32132212','沭阳县正德中学','321322','张玉华','13815754875','');
INSERT INTO `middle_school` (`code`,`name`,`district_id`,`contact`,`tel`,`description`) VALUES ('32132213','沭阳南洋学校','321322','黄道通','13815725923','');
INSERT INTO `middle_school` (`code`,`name`,`district_id`,`contact`,`tel`,`description`) VALUES ('32132214','沭阳县城郊中学','321322','王周明','13641524808','');
INSERT INTO `middle_school` (`code`,`name`,`district_id`,`contact`,`tel`,`description`) VALUES ('32132215','沭阳银河学校','321322','臧道昌','13951372128','');
INSERT INTO `middle_school` (`code`,`name`,`district_id`,`contact`,`tel`,`description`) VALUES ('32132216','沭阳梦溪中学','321322','','','');
INSERT INTO `middle_school` (`code`,`name`,`district_id`,`contact`,`tel`,`description`) VALUES ('32132217','沭阳县蓝天中学','321322','','','');
INSERT INTO `middle_school` (`code`,`name`,`district_id`,`contact`,`tel`,`description`) VALUES ('32132218','沭阳如东中学','321322','','','');
INSERT INTO `middle_school` (`code`,`name`,`district_id`,`contact`,`tel`,`description`) VALUES ('32132219','沭阳高级中学（东校区）','321322','','','');
INSERT INTO `middle_school` (`code`,`name`,`district_id`,`contact`,`tel`,`description`) VALUES ('32132220','江苏省沭阳县中等专业学校','321322','','','');
INSERT INTO `middle_school` (`code`,`name`,`district_id`,`contact`,`tel`,`description`) VALUES ('32132221','沭阳鸿星中等专业学校','321322','','','');
INSERT INTO `middle_school` (`code`,`name`,`district_id`,`contact`,`tel`,`description`) VALUES ('32132291','建陵中学西校区','321322','','','');
INSERT INTO `middle_school` (`code`,`name`,`district_id`,`contact`,`tel`,`description`) VALUES ('32132293','沭阳县怀文中学','321322','','','');
INSERT INTO `middle_school` (`code`,`name`,`district_id`,`contact`,`tel`,`description`) VALUES ('32132294','沭阳县实验中学','321322','','','');
INSERT INTO `middle_school` (`code`,`name`,`district_id`,`contact`,`tel`,`description`) VALUES ('32132300','泗阳县县报生','321323','','13951393269','');
INSERT INTO `middle_school` (`code`,`name`,`district_id`,`contact`,`tel`,`description`) VALUES ('32132301','江苏省泗阳中学','321323','','','');
INSERT INTO `middle_school` (`code`,`name`,`district_id`,`contact`,`tel`,`description`) VALUES ('32132302','江苏省泗阳县众兴中学','321323','','','');
INSERT INTO `middle_school` (`code`,`name`,`district_id`,`contact`,`tel`,`description`) VALUES ('32132303','江苏省泗阳县王集中学','321323','','','');
INSERT INTO `middle_school` (`code`,`name`,`district_id`,`contact`,`tel`,`description`) VALUES ('32132305','江苏省泗阳县华夏中学','321323','','','');
INSERT INTO `middle_school` (`code`,`name`,`district_id`,`contact`,`tel`,`description`) VALUES ('32132306','江苏省泗阳县桃州中学','321323','','','');
INSERT INTO `middle_school` (`code`,`name`,`district_id`,`contact`,`tel`,`description`) VALUES ('32132307','江苏省泗阳县致远中学','321323','','','');
INSERT INTO `middle_school` (`code`,`name`,`district_id`,`contact`,`tel`,`description`) VALUES ('32132308','泗阳县城北中学','321323','','','');
INSERT INTO `middle_school` (`code`,`name`,`district_id`,`contact`,`tel`,`description`) VALUES ('32132309','泗阳县新袁中学','321323','','','');
INSERT INTO `middle_school` (`code`,`name`,`district_id`,`contact`,`tel`,`description`) VALUES ('32132310','江苏省泗阳中等专业学校','321323','','','');
INSERT INTO `middle_school` (`code`,`name`,`district_id`,`contact`,`tel`,`description`) VALUES ('32132311','泗阳霞飞中等专业学校','321323','','','');
INSERT INTO `middle_school` (`code`,`name`,`district_id`,`contact`,`tel`,`description`) VALUES ('32132312','宿迁市泗阳新东方中等专业学校','321323','','','');
INSERT INTO `middle_school` (`code`,`name`,`district_id`,`contact`,`tel`,`description`) VALUES ('32132313','泗阳县江淮职业技术学校','321323','','','');
INSERT INTO `middle_school` (`code`,`name`,`district_id`,`contact`,`tel`,`description`) VALUES ('32132401','江苏省泗洪中学','321324','','','');
INSERT INTO `middle_school` (`code`,`name`,`district_id`,`contact`,`tel`,`description`) VALUES ('32132402','江苏省淮北中学','321324','','','');
INSERT INTO `middle_school` (`code`,`name`,`district_id`,`contact`,`tel`,`description`) VALUES ('32132403','泗洪县实验中学','321324','','','');
INSERT INTO `middle_school` (`code`,`name`,`district_id`,`contact`,`tel`,`description`) VALUES ('32132404','江苏省兴洪中学','321324','','','');
INSERT INTO `middle_school` (`code`,`name`,`district_id`,`contact`,`tel`,`description`) VALUES ('32132405','泗洪县新星中学','321324','','','');
INSERT INTO `middle_school` (`code`,`name`,`district_id`,`contact`,`tel`,`description`) VALUES ('32132406','泗洪县洪翔中学','321324','','','');
INSERT INTO `middle_school` (`code`,`name`,`district_id`,`contact`,`tel`,`description`) VALUES ('32132407','泗洪县楚天外国语学校','321324','','','');
INSERT INTO `middle_school` (`code`,`name`,`district_id`,`contact`,`tel`,`description`) VALUES ('32132408','泗洪县行知中学','321324','','','');
INSERT INTO `middle_school` (`code`,`name`,`district_id`,`contact`,`tel`,`description`) VALUES ('32132409','泗洪县天一中学','321324','','','');
INSERT INTO `middle_school` (`code`,`name`,`district_id`,`contact`,`tel`,`description`) VALUES ('32132410','泗洪县东方中学','321324','','','');
INSERT INTO `middle_school` (`code`,`name`,`district_id`,`contact`,`tel`,`description`) VALUES ('32132411','江苏省泗洪中等专业学校','321324','','','');
INSERT INTO `middle_school` (`code`,`name`,`district_id`,`contact`,`tel`,`description`) VALUES ('32132412','宿迁工业中等专业学校','321324','','','');
INSERT INTO `middle_school` (`code`,`name`,`district_id`,`contact`,`tel`,`description`) VALUES ('32132413','泗洪新星中等专业学校','321324','','','');
INSERT INTO `middle_school` (`code`,`name`,`district_id`,`contact`,`tel`,`description`) VALUES ('32132490','泗洪县育才实验学校','321324','','','');
INSERT INTO `middle_school` (`code`,`name`,`district_id`,`contact`,`tel`,`description`) VALUES ('32120201','江苏省泰州中学','321202','','052386669008','');
INSERT INTO `middle_school` (`code`,`name`,`district_id`,`contact`,`tel`,`description`) VALUES ('32120202','泰州市第二中学','321202','翟明松','052386234967','');
INSERT INTO `middle_school` (`code`,`name`,`district_id`,`contact`,`tel`,`description`) VALUES ('32120203','泰州市田家炳实验中学','321202','夏道忠','052382094566','');
INSERT INTO `middle_school` (`code`,`name`,`district_id`,`contact`,`tel`,`description`) VALUES ('32120204','泰州实验中学','321202','','052386832411','');
INSERT INTO `middle_school` (`code`,`name`,`district_id`,`contact`,`tel`,`description`) VALUES ('32120205','泰州市民兴实验中学','321202','','052385685066','');
INSERT INTO `middle_school` (`code`,`name`,`district_id`,`contact`,`tel`,`description`) VALUES ('32120207','泰州机电高职校','321202','李一平','052386663455','');
INSERT INTO `middle_school` (`code`,`name`,`district_id`,`contact`,`tel`,`description`) VALUES ('32120210','江苏省泰州第二职业高级中学','321202','','','');
INSERT INTO `middle_school` (`code`,`name`,`district_id`,`contact`,`tel`,`description`) VALUES ('32120211','泰州博日电脑技术学校','321202','','','');
INSERT INTO `middle_school` (`code`,`name`,`district_id`,`contact`,`tel`,`description`) VALUES ('32120212','泰州市回考生','321202','','','');
INSERT INTO `middle_school` (`code`,`name`,`district_id`,`contact`,`tel`,`description`) VALUES ('32120270','泰州技师学院','321202','','','');
INSERT INTO `middle_school` (`code`,`name`,`district_id`,`contact`,`tel`,`description`) VALUES ('32120281','泰州市三泰高考补习学校','321202','黄毅','13814459388','');
INSERT INTO `middle_school` (`code`,`name`,`district_id`,`contact`,`tel`,`description`) VALUES ('32120282','泰州栋梁文化专修学校','321202','','05238629919','');
INSERT INTO `middle_school` (`code`,`name`,`district_id`,`contact`,`tel`,`description`) VALUES ('32120301','江苏省口岸中学','321203','封留才','52386911308','');
INSERT INTO `middle_school` (`code`,`name`,`district_id`,`contact`,`tel`,`description`) VALUES ('32120302','泰州市第三高级中学','321203','石泰','52386164572','');
INSERT INTO `middle_school` (`code`,`name`,`district_id`,`contact`,`tel`,`description`) VALUES ('32120303','泰州市白马中学','321203','殷德明','52386181119','');
INSERT INTO `middle_school` (`code`,`name`,`district_id`,`contact`,`tel`,`description`) VALUES ('32120304','江苏省高港中等专业学校','321203','蒋广荣','52386117788','');
INSERT INTO `middle_school` (`code`,`name`,`district_id`,`contact`,`tel`,`description`) VALUES ('32100118','朴席中学','321001','','','');
INSERT INTO `middle_school` (`code`,`name`,`district_id`,`contact`,`tel`,`description`) VALUES ('32120305','南京艺术学院尚美附属中学','321203','孙宝泉','52386166551','');
INSERT INTO `middle_school` (`code`,`name`,`district_id`,`contact`,`tel`,`description`) VALUES ('32120306','泰州市高港区职教中心校','321203','','','');
INSERT INTO `middle_school` (`code`,`name`,`district_id`,`contact`,`tel`,`description`) VALUES ('32120390','江苏省口岸中学（新疆班）','321203','','','');
INSERT INTO `middle_school` (`code`,`name`,`district_id`,`contact`,`tel`,`description`) VALUES ('32120396','高港区往届生','321203','柳根林','52386966111','');
INSERT INTO `middle_school` (`code`,`name`,`district_id`,`contact`,`tel`,`description`) VALUES ('32120397','高港区中专生','321203','柳根林','52386966111','');
INSERT INTO `middle_school` (`code`,`name`,`district_id`,`contact`,`tel`,`description`) VALUES ('32120398','高港区职高生','321203','柳根林','52386966111','');
INSERT INTO `middle_school` (`code`,`name`,`district_id`,`contact`,`tel`,`description`) VALUES ('32120399','高港区回考生','321203','柳根林','52386966111','');
INSERT INTO `middle_school` (`code`,`name`,`district_id`,`contact`,`tel`,`description`) VALUES ('32128101','江苏省兴化中学','321281','','','');
INSERT INTO `middle_school` (`code`,`name`,`district_id`,`contact`,`tel`,`description`) VALUES ('32128102','兴化市第一中学','321281','','','');
INSERT INTO `middle_school` (`code`,`name`,`district_id`,`contact`,`tel`,`description`) VALUES ('32128103','江苏省兴化中等专业学校','321281','','','');
INSERT INTO `middle_school` (`code`,`name`,`district_id`,`contact`,`tel`,`description`) VALUES ('32128104','兴化市戴南高级中学','321281','','','');
INSERT INTO `middle_school` (`code`,`name`,`district_id`,`contact`,`tel`,`description`) VALUES ('32128105','唐刘高级中学','321281','','','');
INSERT INTO `middle_school` (`code`,`name`,`district_id`,`contact`,`tel`,`description`) VALUES ('32128106','兴化市周庄高级中学','321281','','','');
INSERT INTO `middle_school` (`code`,`name`,`district_id`,`contact`,`tel`,`description`) VALUES ('32128107','茅山高级中学','321281','','','');
INSERT INTO `middle_school` (`code`,`name`,`district_id`,`contact`,`tel`,`description`) VALUES ('32128108','竹泓高级中学','321281','','','');
INSERT INTO `middle_school` (`code`,`name`,`district_id`,`contact`,`tel`,`description`) VALUES ('32128109','兴化市楚水实验学校','321281','','','');
INSERT INTO `middle_school` (`code`,`name`,`district_id`,`contact`,`tel`,`description`) VALUES ('32128110','兴化市安丰高级中学','321281','','','');
INSERT INTO `middle_school` (`code`,`name`,`district_id`,`contact`,`tel`,`description`) VALUES ('32128111','大邹高级中学','321281','','','');
INSERT INTO `middle_school` (`code`,`name`,`district_id`,`contact`,`tel`,`description`) VALUES ('32128112','兴化市板桥高级中学','321281','','','');
INSERT INTO `middle_school` (`code`,`name`,`district_id`,`contact`,`tel`,`description`) VALUES ('32128113','兴化市沙沟高级中学','321281','','','');
INSERT INTO `middle_school` (`code`,`name`,`district_id`,`contact`,`tel`,`description`) VALUES ('32102306','宝应县安宜高级中学鲁垛校区','321023','','','');
INSERT INTO `middle_school` (`code`,`name`,`district_id`,`contact`,`tel`,`description`) VALUES ('32128115','兴化市戴窑高级中学','321281','','','');
INSERT INTO `middle_school` (`code`,`name`,`district_id`,`contact`,`tel`,`description`) VALUES ('32128116','兴化市第二职业高级中学','321281','','','');
INSERT INTO `middle_school` (`code`,`name`,`district_id`,`contact`,`tel`,`description`) VALUES ('32128117','兴化市文正实验学校','321281','','','');
INSERT INTO `middle_school` (`code`,`name`,`district_id`,`contact`,`tel`,`description`) VALUES ('32128118','兴化市外国语学校','321281','','','');
INSERT INTO `middle_school` (`code`,`name`,`district_id`,`contact`,`tel`,`description`) VALUES ('32128119','兴化市职业学校','321281','','','');
INSERT INTO `middle_school` (`code`,`name`,`district_id`,`contact`,`tel`,`description`) VALUES ('32128120','兴化市板桥初级中学','321281','','','');
INSERT INTO `middle_school` (`code`,`name`,`district_id`,`contact`,`tel`,`description`) VALUES ('32128121','兴化市职工中等专业学校','321281','','','');
INSERT INTO `middle_school` (`code`,`name`,`district_id`,`contact`,`tel`,`description`) VALUES ('32128201','江苏省靖江高级中学','321282','陈劲松','13961032105','');
INSERT INTO `middle_school` (`code`,`name`,`district_id`,`contact`,`tel`,`description`) VALUES ('32128202','靖江市刘国钧中学','321282','陈国栋','85122598','');
INSERT INTO `middle_school` (`code`,`name`,`district_id`,`contact`,`tel`,`description`) VALUES ('32128203','靖江市斜桥中学','321282','邵体群','13092215500','');
INSERT INTO `middle_school` (`code`,`name`,`district_id`,`contact`,`tel`,`description`) VALUES ('32128204','靖江市第一高级中学','321282','孙文敏','13852625949','');
INSERT INTO `middle_school` (`code`,`name`,`district_id`,`contact`,`tel`,`description`) VALUES ('32128205','靖江市季市中学','321282','叶金桂','84168129','');
INSERT INTO `middle_school` (`code`,`name`,`district_id`,`contact`,`tel`,`description`) VALUES ('32128206','靖江市第二中学','321282','李彬','85455506','');
INSERT INTO `middle_school` (`code`,`name`,`district_id`,`contact`,`tel`,`description`) VALUES ('32128207','靖江市第三中学','321282','鞠欣荣','13092212890','');
INSERT INTO `middle_school` (`code`,`name`,`district_id`,`contact`,`tel`,`description`) VALUES ('32128208','靖江市第四中学','321282','韩国华','13615177811','');
INSERT INTO `middle_school` (`code`,`name`,`district_id`,`contact`,`tel`,`description`) VALUES ('32128209','靖江市振华学校','321282','孙文敏','13852625949','');
INSERT INTO `middle_school` (`code`,`name`,`district_id`,`contact`,`tel`,`description`) VALUES ('32128210','靖江市少年体校','321282','孙文敏','13852625949','');
INSERT INTO `middle_school` (`code`,`name`,`district_id`,`contact`,`tel`,`description`) VALUES ('32128211','江苏省靖江中等专业学校','321282','许文贤','82613198','');
INSERT INTO `middle_school` (`code`,`name`,`district_id`,`contact`,`tel`,`description`) VALUES ('32128212','江苏省靖江职业高级中学','321282','蔡荣均','85115650','');
INSERT INTO `middle_school` (`code`,`name`,`district_id`,`contact`,`tel`,`description`) VALUES ('32128213','靖江外国语学校','321282','','','');
INSERT INTO `middle_school` (`code`,`name`,`district_id`,`contact`,`tel`,`description`) VALUES ('32128214','江苏省靖江中等专业学校(南郊校区)','321282','','','');
INSERT INTO `middle_school` (`code`,`name`,`district_id`,`contact`,`tel`,`description`) VALUES ('32128215','江苏省靖江中等专业学校(职高校区)','321282','','','');
INSERT INTO `middle_school` (`code`,`name`,`district_id`,`contact`,`tel`,`description`) VALUES ('32128216','靖江市财经职业学校','321282','','','');
INSERT INTO `middle_school` (`code`,`name`,`district_id`,`contact`,`tel`,`description`) VALUES ('32128217','江苏省靖江中等专业学校(城西校区)','321282','','','');
INSERT INTO `middle_school` (`code`,`name`,`district_id`,`contact`,`tel`,`description`) VALUES ('32128218','靖江市文教职业学校','321282','','','');
INSERT INTO `middle_school` (`code`,`name`,`district_id`,`contact`,`tel`,`description`) VALUES ('32128219','靖江市卫生进修学校','321282','','','');
INSERT INTO `middle_school` (`code`,`name`,`district_id`,`contact`,`tel`,`description`) VALUES ('32128296','靖江市往届生','321282','戴连忠','85186616','');
INSERT INTO `middle_school` (`code`,`name`,`district_id`,`contact`,`tel`,`description`) VALUES ('32128297','靖江市中专生','321282','戴连忠','85186616','');
INSERT INTO `middle_school` (`code`,`name`,`district_id`,`contact`,`tel`,`description`) VALUES ('32128298','靖江市职高生','321282','戴连忠','85186616','');
INSERT INTO `middle_school` (`code`,`name`,`district_id`,`contact`,`tel`,`description`) VALUES ('32128299','靖江市回考生','321282','戴连忠','85186616','');
INSERT INTO `middle_school` (`code`,`name`,`district_id`,`contact`,`tel`,`description`) VALUES ('32128301','江苏省泰兴中学','321283','孙钬','87615356','');
INSERT INTO `middle_school` (`code`,`name`,`district_id`,`contact`,`tel`,`description`) VALUES ('32128302','江苏省黄桥中学','321283','黄克恭','052387129023','');
INSERT INTO `middle_school` (`code`,`name`,`district_id`,`contact`,`tel`,`description`) VALUES ('32128303','泰兴市第一高级中学','321283','陈民生','87639915','');
INSERT INTO `middle_school` (`code`,`name`,`district_id`,`contact`,`tel`,`description`) VALUES ('32128304','泰兴市第二高级中学','321283','刘亚云','87733105','');
INSERT INTO `middle_school` (`code`,`name`,`district_id`,`contact`,`tel`,`description`) VALUES ('32128305','泰兴市第三高级中学','321283','董泽华','87668928','');
INSERT INTO `middle_school` (`code`,`name`,`district_id`,`contact`,`tel`,`description`) VALUES ('32128306','泰兴市第四高级中学','321283','丁小虎','052387121166','');
INSERT INTO `middle_school` (`code`,`name`,`district_id`,`contact`,`tel`,`description`) VALUES ('32128307','泰兴市第四高级中学横垛分校','321283','冯仁勇','052387391031','');
INSERT INTO `middle_school` (`code`,`name`,`district_id`,`contact`,`tel`,`description`) VALUES ('32128308','泰兴市河头庄中学','321283','常凤虎','87367666','');
INSERT INTO `middle_school` (`code`,`name`,`district_id`,`contact`,`tel`,`description`) VALUES ('32128309','泰兴市第三高级中学蒋华分校','321283','叶年呈','87422668','');
INSERT INTO `middle_school` (`code`,`name`,`district_id`,`contact`,`tel`,`description`) VALUES ('32128310','江苏省泰兴中等专业学校','321283','','','');
INSERT INTO `middle_school` (`code`,`name`,`district_id`,`contact`,`tel`,`description`) VALUES ('32128311','泰兴市农干校','321283','','','');
INSERT INTO `middle_school` (`code`,`name`,`district_id`,`contact`,`tel`,`description`) VALUES ('32128312','泰兴市技工学校','321283','','','');
INSERT INTO `middle_school` (`code`,`name`,`district_id`,`contact`,`tel`,`description`) VALUES ('32128313','江苏省泰兴职业高级中学','321283','','','');
INSERT INTO `middle_school` (`code`,`name`,`district_id`,`contact`,`tel`,`description`) VALUES ('32128314','泰兴市黄桥职业高级中学','321283','','','');
INSERT INTO `middle_school` (`code`,`name`,`district_id`,`contact`,`tel`,`description`) VALUES ('32128381','泰州市振泰高级中学','321283','顾平道','052387639394','');
INSERT INTO `middle_school` (`code`,`name`,`district_id`,`contact`,`tel`,`description`) VALUES ('32128382','泰兴市扬子江高级中学','321283','戴月华','87602874','');
INSERT INTO `middle_school` (`code`,`name`,`district_id`,`contact`,`tel`,`description`) VALUES ('32128383','泰兴英特实验中学','321283','马斌','87668200','');
INSERT INTO `middle_school` (`code`,`name`,`district_id`,`contact`,`tel`,`description`) VALUES ('32128384','泰州师专附属实验中学','321283','黄良才','052387616352','');
INSERT INTO `middle_school` (`code`,`name`,`district_id`,`contact`,`tel`,`description`) VALUES ('32128387','中泰补习班','321283','季士林','13801435863','');
INSERT INTO `middle_school` (`code`,`name`,`district_id`,`contact`,`tel`,`description`) VALUES ('32102307','宝应县画川高级中学城西校区','321023','','','');
INSERT INTO `middle_school` (`code`,`name`,`district_id`,`contact`,`tel`,`description`) VALUES ('32128390','兴泰高补班','321283','王鸿海','','');
INSERT INTO `middle_school` (`code`,`name`,`district_id`,`contact`,`tel`,`description`) VALUES ('32128391','泰兴市洋思中学','321283','','','');
INSERT INTO `middle_school` (`code`,`name`,`district_id`,`contact`,`tel`,`description`) VALUES ('32128392','泰兴市洋思中学（日语）','321283','','','');
INSERT INTO `middle_school` (`code`,`name`,`district_id`,`contact`,`tel`,`description`) VALUES ('32128396','泰兴考生(往届生、社会青年等)','321283','王鸿海','052387718085','');
INSERT INTO `middle_school` (`code`,`name`,`district_id`,`contact`,`tel`,`description`) VALUES ('32128398','泰兴市职业学校','321283','','','');
INSERT INTO `middle_school` (`code`,`name`,`district_id`,`contact`,`tel`,`description`) VALUES ('32128399','外市借考生','321283','','','');
INSERT INTO `middle_school` (`code`,`name`,`district_id`,`contact`,`tel`,`description`) VALUES ('32128401','江苏省姜堰中学','321284','','','');
INSERT INTO `middle_school` (`code`,`name`,`district_id`,`contact`,`tel`,`description`) VALUES ('32128402','姜堰市第二中学','321284','','','');
INSERT INTO `middle_school` (`code`,`name`,`district_id`,`contact`,`tel`,`description`) VALUES ('32128403','姜堰市溱潼中学','321284','','','');
INSERT INTO `middle_school` (`code`,`name`,`district_id`,`contact`,`tel`,`description`) VALUES ('32128404','姜堰市张甸中学','321284','','','');
INSERT INTO `middle_school` (`code`,`name`,`district_id`,`contact`,`tel`,`description`) VALUES ('32128405','姜堰市蒋垛中学','321284','','','');
INSERT INTO `middle_school` (`code`,`name`,`district_id`,`contact`,`tel`,`description`) VALUES ('32128406','江苏省姜堰中等专业学校','321284','','','');
INSERT INTO `middle_school` (`code`,`name`,`district_id`,`contact`,`tel`,`description`) VALUES ('32128407','江苏省姜堰第二职业高级中学','321284','','','');
INSERT INTO `middle_school` (`code`,`name`,`district_id`,`contact`,`tel`,`description`) VALUES ('32102308','宝应商贸学校','321023','','','');
INSERT INTO `middle_school` (`code`,`name`,`district_id`,`contact`,`tel`,`description`) VALUES ('32128409','姜堰市娄庄中学','321284','','','');
INSERT INTO `middle_school` (`code`,`name`,`district_id`,`contact`,`tel`,`description`) VALUES ('32102310','江苏省宝应工业学校','321023','','','');
INSERT INTO `middle_school` (`code`,`name`,`district_id`,`contact`,`tel`,`description`) VALUES ('32128411','姜堰市罗塘高级中学','321284','','','');
INSERT INTO `middle_school` (`code`,`name`,`district_id`,`contact`,`tel`,`description`) VALUES ('32128412','姜堰市梁徐中学','321284','','','');
INSERT INTO `middle_school` (`code`,`name`,`district_id`,`contact`,`tel`,`description`) VALUES ('32128413','姜堰市美术学校','321284','','','');
INSERT INTO `middle_school` (`code`,`name`,`district_id`,`contact`,`tel`,`description`) VALUES ('32128414','姜堰市励才实验学校','321284','','','');
INSERT INTO `middle_school` (`code`,`name`,`district_id`,`contact`,`tel`,`description`) VALUES ('32128415','姜堰市溱潼职业技术学校','321284','','','');
INSERT INTO `middle_school` (`code`,`name`,`district_id`,`contact`,`tel`,`description`) VALUES ('32128416','姜堰市江淮职业高级中学','321284','','','');
INSERT INTO `middle_school` (`code`,`name`,`district_id`,`contact`,`tel`,`description`) VALUES ('32128421','姜堰市新世纪武艺学校','321284','','','');
INSERT INTO `middle_school` (`code`,`name`,`district_id`,`contact`,`tel`,`description`) VALUES ('32128422','姜堰市江淮职业高中','321284','','','');
INSERT INTO `middle_school` (`code`,`name`,`district_id`,`contact`,`tel`,`description`) VALUES ('32128451','姜堰中等专业学校','321284','','','');
INSERT INTO `middle_school` (`code`,`name`,`district_id`,`contact`,`tel`,`description`) VALUES ('32128485','姜堰市三水培训中心','321284','','','');
INSERT INTO `middle_school` (`code`,`name`,`district_id`,`contact`,`tel`,`description`) VALUES ('32128486','姜堰市育英培训中心','321284','','','');
INSERT INTO `middle_school` (`code`,`name`,`district_id`,`contact`,`tel`,`description`) VALUES ('32128487','姜堰市江淮培训中心','321284','翁后虎','','');
INSERT INTO `middle_school` (`code`,`name`,`district_id`,`contact`,`tel`,`description`) VALUES ('32128488','姜堰市文博培训中心','321284','','','');
INSERT INTO `middle_school` (`code`,`name`,`district_id`,`contact`,`tel`,`description`) VALUES ('32128489','姜堰市育才培训中心','321284','高其兵','','');
INSERT INTO `middle_school` (`code`,`name`,`district_id`,`contact`,`tel`,`description`) VALUES ('32128496','姜堰市往届生','321284','','','');
INSERT INTO `middle_school` (`code`,`name`,`district_id`,`contact`,`tel`,`description`) VALUES ('32128497','姜堰市中专生','321284','','','');
INSERT INTO `middle_school` (`code`,`name`,`district_id`,`contact`,`tel`,`description`) VALUES ('32128499','姜堰市市报生','321284','','','');
INSERT INTO `middle_school` (`code`,`name`,`district_id`,`contact`,`tel`,`description`) VALUES ('32020244','无锡市山明中学','320202','','','');
INSERT INTO `middle_school` (`code`,`name`,`district_id`,`contact`,`tel`,`description`) VALUES ('32020251','无锡职业技术学院','320202','','','');
INSERT INTO `middle_school` (`code`,`name`,`district_id`,`contact`,`tel`,`description`) VALUES ('32020252','江苏省无锡交通高等职业技术学校','320202','','','');
INSERT INTO `middle_school` (`code`,`name`,`district_id`,`contact`,`tel`,`description`) VALUES ('32020253','无锡卫生高等职业技术学校','320202','','','');
INSERT INTO `middle_school` (`code`,`name`,`district_id`,`contact`,`tel`,`description`) VALUES ('32020254','无锡市城市职业技术学校','320202','','','');
INSERT INTO `middle_school` (`code`,`name`,`district_id`,`contact`,`tel`,`description`) VALUES ('32090191','盐城市金榜高考复习班','320901','','','');
INSERT INTO `middle_school` (`code`,`name`,`district_id`,`contact`,`tel`,`description`) VALUES ('32092309','阜宁县第一高级中学','320923','','','');
INSERT INTO `middle_school` (`code`,`name`,`district_id`,`contact`,`tel`,`description`) VALUES ('32100152','扬州高等职业技术学校','321001','','','');
INSERT INTO `middle_school` (`code`,`name`,`district_id`,`contact`,`tel`,`description`) VALUES ('32102301','宝应县中学','321023','','','');
INSERT INTO `middle_school` (`code`,`name`,`district_id`,`contact`,`tel`,`description`) VALUES ('32102311','宝应县实验初级中学','321023','','','');
INSERT INTO `middle_school` (`code`,`name`,`district_id`,`contact`,`tel`,`description`) VALUES ('32102312','宝应县城北初级中学','321023','','','');
INSERT INTO `middle_school` (`code`,`name`,`district_id`,`contact`,`tel`,`description`) VALUES ('32108109','仪征技师学院','321081','','','');
INSERT INTO `middle_school` (`code`,`name`,`district_id`,`contact`,`tel`,`description`) VALUES ('32048207','金坛市华罗庚实验高中培训中心','320482','','','');
INSERT INTO `middle_school` (`code`,`name`,`district_id`,`contact`,`tel`,`description`) VALUES ('32048208','金坛市阳光假日服务中心','320482','','','');
INSERT INTO `middle_school` (`code`,`name`,`district_id`,`contact`,`tel`,`description`) VALUES ('32048209','金坛市金华高考补习班','320482','','','');
INSERT INTO `middle_school` (`code`,`name`,`district_id`,`contact`,`tel`,`description`) VALUES ('32048210','金坛市中等专业学校','320482','','','');
INSERT INTO `middle_school` (`code`,`name`,`district_id`,`contact`,`tel`,`description`) VALUES ('32048296','金坛市往届生','320482','','','');
INSERT INTO `middle_school` (`code`,`name`,`district_id`,`contact`,`tel`,`description`) VALUES ('32048297','金坛市应届中专生','320482','','','');
INSERT INTO `middle_school` (`code`,`name`,`district_id`,`contact`,`tel`,`description`) VALUES ('32048298','金坛市应届职高生','320482','','','');
INSERT INTO `middle_school` (`code`,`name`,`district_id`,`contact`,`tel`,`description`) VALUES ('32048299','金坛市回考生','320482','','','');
INSERT INTO `middle_school` (`code`,`name`,`district_id`,`contact`,`tel`,`description`) VALUES ('32048300','武进区招生办公室','320483','','','');
INSERT INTO `middle_school` (`code`,`name`,`district_id`,`contact`,`tel`,`description`) VALUES ('32048301','江苏省前黄高级中学','320483','','','');
INSERT INTO `middle_school` (`code`,`name`,`district_id`,`contact`,`tel`,`description`) VALUES ('32048302','常州市武进区礼嘉中学','320483','','','');
INSERT INTO `middle_school` (`code`,`name`,`district_id`,`contact`,`tel`,`description`) VALUES ('32048303','江苏省武进高级中学','320483','','','');
INSERT INTO `middle_school` (`code`,`name`,`district_id`,`contact`,`tel`,`description`) VALUES ('32048304','常州市武进区鸣凰中学','320483','','','');
INSERT INTO `middle_school` (`code`,`name`,`district_id`,`contact`,`tel`,`description`) VALUES ('32048305','江苏省横林高级中学','320483','','','');
INSERT INTO `middle_school` (`code`,`name`,`district_id`,`contact`,`tel`,`description`) VALUES ('32048306','常州市武进区洛阳中学','320483','','','');
INSERT INTO `middle_school` (`code`,`name`,`district_id`,`contact`,`tel`,`description`) VALUES ('32048307','常州市武进区三河口高级中学','320483','','','');
INSERT INTO `middle_school` (`code`,`name`,`district_id`,`contact`,`tel`,`description`) VALUES ('32048308','常州市武进区横山桥高级中学','320483','','','');
INSERT INTO `middle_school` (`code`,`name`,`district_id`,`contact`,`tel`,`description`) VALUES ('32048309','江苏省奔牛高级中学','320483','','','');
INSERT INTO `middle_school` (`code`,`name`,`district_id`,`contact`,`tel`,`description`) VALUES ('32048310','常州市武进区湟里高级中学','320483','','','');
INSERT INTO `middle_school` (`code`,`name`,`district_id`,`contact`,`tel`,`description`) VALUES ('32048311','江苏省前黄高级中学国际分校','320483','','','');
INSERT INTO `middle_school` (`code`,`name`,`district_id`,`contact`,`tel`,`description`) VALUES ('32048312','江苏省武进职业教育中心校','320483','','','');
INSERT INTO `middle_school` (`code`,`name`,`district_id`,`contact`,`tel`,`description`) VALUES ('32048313','武进女子中等专业学校','320483','','','');
INSERT INTO `middle_school` (`code`,`name`,`district_id`,`contact`,`tel`,`description`) VALUES ('32048315','江苏省前黄高级中学国际分校','320483','','','');
INSERT INTO `middle_school` (`code`,`name`,`district_id`,`contact`,`tel`,`description`) VALUES ('32048316','武进区新园文化教育学校','320483','','','');
INSERT INTO `middle_school` (`code`,`name`,`district_id`,`contact`,`tel`,`description`) VALUES ('32048390','武进区职教中心','320483','','','');
INSERT INTO `middle_school` (`code`,`name`,`district_id`,`contact`,`tel`,`description`) VALUES ('32048396','武进区往届生','320483','','','');
INSERT INTO `middle_school` (`code`,`name`,`district_id`,`contact`,`tel`,`description`) VALUES ('32048397','武进区应届中专生','320483','','','');
INSERT INTO `middle_school` (`code`,`name`,`district_id`,`contact`,`tel`,`description`) VALUES ('32048398','武进区应届职高生','320483','','','');
INSERT INTO `middle_school` (`code`,`name`,`district_id`,`contact`,`tel`,`description`) VALUES ('32048399','武进区回考生','320483','','','');
INSERT INTO `middle_school` (`code`,`name`,`district_id`,`contact`,`tel`,`description`) VALUES ('32050101','苏州市第一中学校','320501','','','');
INSERT INTO `middle_school` (`code`,`name`,`district_id`,`contact`,`tel`,`description`) VALUES ('32050103','苏州市第三中学校','320501','','','');
INSERT INTO `middle_school` (`code`,`name`,`district_id`,`contact`,`tel`,`description`) VALUES ('32050104','苏州市第四中学','320501','','','');
INSERT INTO `middle_school` (`code`,`name`,`district_id`,`contact`,`tel`,`description`) VALUES ('32050105','苏州市第五中学','320501','','','');
INSERT INTO `middle_school` (`code`,`name`,`district_id`,`contact`,`tel`,`description`) VALUES ('32050106','苏州市第六中学','320501','','','');
INSERT INTO `middle_school` (`code`,`name`,`district_id`,`contact`,`tel`,`description`) VALUES ('32050107','苏州工业职技院（苏高工校区）','320501','','','');
INSERT INTO `middle_school` (`code`,`name`,`district_id`,`contact`,`tel`,`description`) VALUES ('32050108','苏州市振华中学','320501','','','');
INSERT INTO `middle_school` (`code`,`name`,`district_id`,`contact`,`tel`,`description`) VALUES ('32050109','江苏省苏州中学校','320501','','','');
INSERT INTO `middle_school` (`code`,`name`,`district_id`,`contact`,`tel`,`description`) VALUES ('32050110','江苏省苏州第十中学','320501','','','');
INSERT INTO `middle_school` (`code`,`name`,`district_id`,`contact`,`tel`,`description`) VALUES ('32050111','苏州市旅游与财经高职校','320501','','','');
INSERT INTO `middle_school` (`code`,`name`,`district_id`,`contact`,`tel`,`description`) VALUES ('32050112','苏州市电视中等专业学校','320501','','','');
INSERT INTO `middle_school` (`code`,`name`,`district_id`,`contact`,`tel`,`description`) VALUES ('32050113','苏州市轻工业学校','320501','','','');
INSERT INTO `middle_school` (`code`,`name`,`district_id`,`contact`,`tel`,`description`) VALUES ('32050114','苏州市田家炳实验中学','320501','','','');
INSERT INTO `middle_school` (`code`,`name`,`district_id`,`contact`,`tel`,`description`) VALUES ('32050115','苏州高等职业技术学校','320501','','','');
INSERT INTO `middle_school` (`code`,`name`,`district_id`,`contact`,`tel`,`description`) VALUES ('32050116','苏州建设交通高等职业技术学校','320501','','','');
INSERT INTO `middle_school` (`code`,`name`,`district_id`,`contact`,`tel`,`description`) VALUES ('32050117','苏州市幼教职业中学','320501','','','');
INSERT INTO `middle_school` (`code`,`name`,`district_id`,`contact`,`tel`,`description`) VALUES ('32050118','苏州广播电视大学','320501','','','');
INSERT INTO `middle_school` (`code`,`name`,`district_id`,`contact`,`tel`,`description`) VALUES ('32050119','苏州市艺术学校','320501','','','');
INSERT INTO `middle_school` (`code`,`name`,`district_id`,`contact`,`tel`,`description`) VALUES ('32050120','苏州大学附属中学','320501','','','');
INSERT INTO `middle_school` (`code`,`name`,`district_id`,`contact`,`tel`,`description`) VALUES ('32050121','工业园区第二高级中学','320501','','','');
INSERT INTO `middle_school` (`code`,`name`,`district_id`,`contact`,`tel`,`description`) VALUES ('32050122','工业园区星海实验中学','320501','','','');
INSERT INTO `middle_school` (`code`,`name`,`district_id`,`contact`,`tel`,`description`) VALUES ('32050123','苏州市评弹学校','320501','','','');
INSERT INTO `middle_school` (`code`,`name`,`district_id`,`contact`,`tel`,`description`) VALUES ('32050124','苏州市同文外语职业中学','320501','','','');
INSERT INTO `middle_school` (`code`,`name`,`district_id`,`contact`,`tel`,`description`) VALUES ('32050125','苏州市高级技术学校（石湖校区）','320501','','','');
INSERT INTO `middle_school` (`code`,`name`,`district_id`,`contact`,`tel`,`description`) VALUES ('32050126','苏州市第二技工学校','320501','','','');
INSERT INTO `middle_school` (`code`,`name`,`district_id`,`contact`,`tel`,`description`) VALUES ('32050127','苏州市五二六厂技工学校','320501','','','');
INSERT INTO `middle_school` (`code`,`name`,`district_id`,`contact`,`tel`,`description`) VALUES ('32050128','西安交大苏州附属中学','320501','','','');
INSERT INTO `middle_school` (`code`,`name`,`district_id`,`contact`,`tel`,`description`) VALUES ('32050129','苏州市轻工技工学校','320501','','','');
INSERT INTO `middle_school` (`code`,`name`,`district_id`,`contact`,`tel`,`description`) VALUES ('32050130','江苏省苏州实验中学','320501','','','');
INSERT INTO `middle_school` (`code`,`name`,`district_id`,`contact`,`tel`,`description`) VALUES ('32050131','苏州新区第一中学','320501','','','');
INSERT INTO `middle_school` (`code`,`name`,`district_id`,`contact`,`tel`,`description`) VALUES ('32050132','苏州市长风技工学校','320501','','','');
INSERT INTO `middle_school` (`code`,`name`,`district_id`,`contact`,`tel`,`description`) VALUES ('32050133','苏州市丝绸技工学校','320501','','','');
INSERT INTO `middle_school` (`code`,`name`,`district_id`,`contact`,`tel`,`description`) VALUES ('32050134','苏州市苏钢集团技工学校','320501','','','');
INSERT INTO `middle_school` (`code`,`name`,`district_id`,`contact`,`tel`,`description`) VALUES ('32050135','苏州市机械技工学校','320501','','','');
INSERT INTO `middle_school` (`code`,`name`,`district_id`,`contact`,`tel`,`description`) VALUES ('32050136','苏州市纺织职工中专','320501','','','');
INSERT INTO `middle_school` (`code`,`name`,`district_id`,`contact`,`tel`,`description`) VALUES ('32050137','苏州市医药职工中专','320501','','','');
INSERT INTO `middle_school` (`code`,`name`,`district_id`,`contact`,`tel`,`description`) VALUES ('32050138','苏州市职工大学职工中专部','320501','','','');
INSERT INTO `middle_school` (`code`,`name`,`district_id`,`contact`,`tel`,`description`) VALUES ('32050139','苏州经贸职业技术学院','320501','','','');
INSERT INTO `middle_school` (`code`,`name`,`district_id`,`contact`,`tel`,`description`) VALUES ('32050140','苏州农业职业技术学院','320501','','','');
INSERT INTO `middle_school` (`code`,`name`,`district_id`,`contact`,`tel`,`description`) VALUES ('32050141','苏州机电高等职业技术学校','320501','','','');
INSERT INTO `middle_school` (`code`,`name`,`district_id`,`contact`,`tel`,`description`) VALUES ('32050142','苏州卫生学校','320501','','','');
INSERT INTO `middle_school` (`code`,`name`,`district_id`,`contact`,`tel`,`description`) VALUES ('32050143','苏州市电子信息技工学校','320501','','','');
INSERT INTO `middle_school` (`code`,`name`,`district_id`,`contact`,`tel`,`description`) VALUES ('32050144','苏州工业园区工业技术学校','320501','','','');
INSERT INTO `middle_school` (`code`,`name`,`district_id`,`contact`,`tel`,`description`) VALUES ('32050146','吴县中学','320501','','','');
INSERT INTO `middle_school` (`code`,`name`,`district_id`,`contact`,`tel`,`description`) VALUES ('32050166','苏州国际预科学校','320501','','','');
INSERT INTO `middle_school` (`code`,`name`,`district_id`,`contact`,`tel`,`description`) VALUES ('32050184','苏州国际外语学校','320501','','','');
INSERT INTO `middle_school` (`code`,`name`,`district_id`,`contact`,`tel`,`description`) VALUES ('32050188','苏州外国语学校','320501','','','');
INSERT INTO `middle_school` (`code`,`name`,`district_id`,`contact`,`tel`,`description`) VALUES ('32050190','苏州新草桥中学','320501','','','');
INSERT INTO `middle_school` (`code`,`name`,`district_id`,`contact`,`tel`,`description`) VALUES ('32050191','中加合作苏州枫华高级中学校','320501','','','');
INSERT INTO `middle_school` (`code`,`name`,`district_id`,`contact`,`tel`,`description`) VALUES ('32050192','苏州中学园区校','320501','','','');
INSERT INTO `middle_school` (`code`,`name`,`district_id`,`contact`,`tel`,`description`) VALUES ('32050195','苏州市中新学校','320501','','','');
INSERT INTO `middle_school` (`code`,`name`,`district_id`,`contact`,`tel`,`description`) VALUES ('32050196','苏州市区往届生','320501','','','');
INSERT INTO `middle_school` (`code`,`name`,`district_id`,`contact`,`tel`,`description`) VALUES ('32050197','苏州市区应届中专职高技校生','320501','','','');
INSERT INTO `middle_school` (`code`,`name`,`district_id`,`contact`,`tel`,`description`) VALUES ('32050199','苏州市区应届高中回考生','320501','','','');
INSERT INTO `middle_school` (`code`,`name`,`district_id`,`contact`,`tel`,`description`) VALUES ('32050701','江苏省黄埭中学','320507','','','');
INSERT INTO `middle_school` (`code`,`name`,`district_id`,`contact`,`tel`,`description`) VALUES ('32050702','相城区陆慕高级中学','320507','','','');
INSERT INTO `middle_school` (`code`,`name`,`district_id`,`contact`,`tel`,`description`) VALUES ('32050703','相城区阳澄湖中学','320507','','','');
INSERT INTO `middle_school` (`code`,`name`,`district_id`,`contact`,`tel`,`description`) VALUES ('32050704','相城区渭塘中学','320507','','','');
INSERT INTO `middle_school` (`code`,`name`,`district_id`,`contact`,`tel`,`description`) VALUES ('32050705','相城区望亭中学','320507','','','');
INSERT INTO `middle_school` (`code`,`name`,`district_id`,`contact`,`tel`,`description`) VALUES ('32050706','相城区太平中学','320507','','','');
INSERT INTO `middle_school` (`code`,`name`,`district_id`,`contact`,`tel`,`description`) VALUES ('32050707','相城实验中学','320507','','','');
INSERT INTO `middle_school` (`code`,`name`,`district_id`,`contact`,`tel`,`description`) VALUES ('32050708','苏州市相城中等专业学校','320507','','','');
INSERT INTO `middle_school` (`code`,`name`,`district_id`,`contact`,`tel`,`description`) VALUES ('32050796','相城区往届生及补习班','320507','','','');
INSERT INTO `middle_school` (`code`,`name`,`district_id`,`contact`,`tel`,`description`) VALUES ('32050797','相城区应届中专生（含中师）','320507','','','');
INSERT INTO `middle_school` (`code`,`name`,`district_id`,`contact`,`tel`,`description`) VALUES ('32050798','相城区应届职高生','320507','','','');
INSERT INTO `middle_school` (`code`,`name`,`district_id`,`contact`,`tel`,`description`) VALUES ('32050799','回相城区考生','320507','','','');
INSERT INTO `middle_school` (`code`,`name`,`district_id`,`contact`,`tel`,`description`) VALUES ('32058101','常熟市浒浦高级中学','320581','','','');
INSERT INTO `middle_school` (`code`,`name`,`district_id`,`contact`,`tel`,`description`) VALUES ('32058102','常熟市梅李中学','320581','','','');
INSERT INTO `middle_school` (`code`,`name`,`district_id`,`contact`,`tel`,`description`) VALUES ('32058103','常熟市王淦昌中学','320581','','','');
INSERT INTO `middle_school` (`code`,`name`,`district_id`,`contact`,`tel`,`description`) VALUES ('32058104','常熟市练塘中学','320581','','','');
INSERT INTO `middle_school` (`code`,`name`,`district_id`,`contact`,`tel`,`description`) VALUES ('32058105','常熟市大义中学','320581','','','');
INSERT INTO `middle_school` (`code`,`name`,`district_id`,`contact`,`tel`,`description`) VALUES ('32058106','常熟市莫城中学','320581','','','');
INSERT INTO `middle_school` (`code`,`name`,`district_id`,`contact`,`tel`,`description`) VALUES ('32058107','常熟市尚湖高级中学','320581','','','');
INSERT INTO `middle_school` (`code`,`name`,`district_id`,`contact`,`tel`,`description`) VALUES ('32058108','常熟市中学分校','320581','','','');
INSERT INTO `middle_school` (`code`,`name`,`district_id`,`contact`,`tel`,`description`) VALUES ('32058109','常熟外国语学校','320581','','','');
INSERT INTO `middle_school` (`code`,`name`,`district_id`,`contact`,`tel`,`description`) VALUES ('32058110','江苏省常熟中学','320581','','','');
INSERT INTO `middle_school` (`code`,`name`,`district_id`,`contact`,`tel`,`description`) VALUES ('32058111','常熟市中学','320581','','','');
INSERT INTO `middle_school` (`code`,`name`,`district_id`,`contact`,`tel`,`description`) VALUES ('32058112','江苏省常熟职业教育中心校','320581','','','');
INSERT INTO `middle_school` (`code`,`name`,`district_id`,`contact`,`tel`,`description`) VALUES ('32058113','常熟市海虞中学','320581','','','');
INSERT INTO `middle_school` (`code`,`name`,`district_id`,`contact`,`tel`,`description`) VALUES ('32058114','常熟市艺术学校','320581','','','');
INSERT INTO `middle_school` (`code`,`name`,`district_id`,`contact`,`tel`,`description`) VALUES ('32058115','常熟市练塘职业技术学校','320581','','','');
INSERT INTO `middle_school` (`code`,`name`,`district_id`,`contact`,`tel`,`description`) VALUES ('32058116','常熟市兴隆中学','320581','','','');
INSERT INTO `middle_school` (`code`,`name`,`district_id`,`contact`,`tel`,`description`) VALUES ('32058117','常熟市高新园中等专业学校','320581','','','');
INSERT INTO `middle_school` (`code`,`name`,`district_id`,`contact`,`tel`,`description`) VALUES ('32058118','常熟市第八中学','320581','','','');
INSERT INTO `middle_school` (`code`,`name`,`district_id`,`contact`,`tel`,`description`) VALUES ('32058119','常熟市徐市中学','320581','','','');
INSERT INTO `middle_school` (`code`,`name`,`district_id`,`contact`,`tel`,`description`) VALUES ('32058120','常熟市滨江职业技术学校','320581','','','');
INSERT INTO `middle_school` (`code`,`name`,`district_id`,`contact`,`tel`,`description`) VALUES ('32058121','常熟市辛庄中学','320581','','','');
INSERT INTO `middle_school` (`code`,`name`,`district_id`,`contact`,`tel`,`description`) VALUES ('32058196','常熟市往届生','320581','','','');
INSERT INTO `middle_school` (`code`,`name`,`district_id`,`contact`,`tel`,`description`) VALUES ('32058197','常熟市应届中专职高技校生','320581','','','');
INSERT INTO `middle_school` (`code`,`name`,`district_id`,`contact`,`tel`,`description`) VALUES ('32058199','回常熟市考生','320581','','','');
INSERT INTO `middle_school` (`code`,`name`,`district_id`,`contact`,`tel`,`description`) VALUES ('32058201','江苏省梁丰高级中学','320582','','','');
INSERT INTO `middle_school` (`code`,`name`,`district_id`,`contact`,`tel`,`description`) VALUES ('32058202','张家港市沙洲中学','320582','','','');
INSERT INTO `middle_school` (`code`,`name`,`district_id`,`contact`,`tel`,`description`) VALUES ('32058203','张家港市暨阳高级中学','320582','','','');
INSERT INTO `middle_school` (`code`,`name`,`district_id`,`contact`,`tel`,`description`) VALUES ('32058204','张家港市塘桥高级中学','320582','','','');
INSERT INTO `middle_school` (`code`,`name`,`district_id`,`contact`,`tel`,`description`) VALUES ('32058205','张家港市乐余高级中学','320582','','','');
INSERT INTO `middle_school` (`code`,`name`,`district_id`,`contact`,`tel`,`description`) VALUES ('32058206','张家港市后塍高级中学','320582','','','');
INSERT INTO `middle_school` (`code`,`name`,`district_id`,`contact`,`tel`,`description`) VALUES ('32058207','张家港高级中学','320582','','','');
INSERT INTO `middle_school` (`code`,`name`,`district_id`,`contact`,`tel`,`description`) VALUES ('32058208','张家港市外国语学校','320582','','','');
INSERT INTO `middle_school` (`code`,`name`,`district_id`,`contact`,`tel`,`description`) VALUES ('32058209','张家港市常青藤实验中学','320582','','','');
INSERT INTO `middle_school` (`code`,`name`,`district_id`,`contact`,`tel`,`description`) VALUES ('32058210','南丰中学','320582','','','');
INSERT INTO `middle_school` (`code`,`name`,`district_id`,`contact`,`tel`,`description`) VALUES ('32058211','港区高级中学','320582','','','');
INSERT INTO `middle_school` (`code`,`name`,`district_id`,`contact`,`tel`,`description`) VALUES ('32058212','张家港职业高级中学','320582','','','');
INSERT INTO `middle_school` (`code`,`name`,`district_id`,`contact`,`tel`,`description`) VALUES ('32058213','张家港第二职业中学','320582','','','');
INSERT INTO `middle_school` (`code`,`name`,`district_id`,`contact`,`tel`,`description`) VALUES ('32058214','张家港工贸职业高级中学','320582','','','');
INSERT INTO `middle_school` (`code`,`name`,`district_id`,`contact`,`tel`,`description`) VALUES ('32058215','张家港第三职业中学','320582','','','');
INSERT INTO `middle_school` (`code`,`name`,`district_id`,`contact`,`tel`,`description`) VALUES ('32058216','张家港市舞蹈学校','320582','','','');
INSERT INTO `middle_school` (`code`,`name`,`district_id`,`contact`,`tel`,`description`) VALUES ('32058217','张家港市经贸职业中学','320582','','','');
INSERT INTO `middle_school` (`code`,`name`,`district_id`,`contact`,`tel`,`description`) VALUES ('32058219','艺术职中','320582','','','');
INSERT INTO `middle_school` (`code`,`name`,`district_id`,`contact`,`tel`,`description`) VALUES ('32058296','张家港市往届生','320582','','','');
INSERT INTO `middle_school` (`code`,`name`,`district_id`,`contact`,`tel`,`description`) VALUES ('32058299','张家港社会考试','320582','','','');
INSERT INTO `middle_school` (`code`,`name`,`district_id`,`contact`,`tel`,`description`) VALUES ('32058301','江苏省昆山中学','320583','','','');
INSERT INTO `middle_school` (`code`,`name`,`district_id`,`contact`,`tel`,`description`) VALUES ('32058302','昆山震川高级中学','320583','','','');
INSERT INTO `middle_school` (`code`,`name`,`district_id`,`contact`,`tel`,`description`) VALUES ('32058303','昆山市第一中学','320583','','','');
INSERT INTO `middle_school` (`code`,`name`,`district_id`,`contact`,`tel`,`description`) VALUES ('32058304','昆山市陆家中学','320583','','','');
INSERT INTO `middle_school` (`code`,`name`,`district_id`,`contact`,`tel`,`description`) VALUES ('32058305','昆山开发区高级中学','320583','','','');
INSERT INTO `middle_school` (`code`,`name`,`district_id`,`contact`,`tel`,`description`) VALUES ('32058306','昆山市费俊龙中学','320583','','','');
INSERT INTO `middle_school` (`code`,`name`,`district_id`,`contact`,`tel`,`description`) VALUES ('32058307','昆山市文峰高级中学','320583','','','');
INSERT INTO `middle_school` (`code`,`name`,`district_id`,`contact`,`tel`,`description`) VALUES ('32058308','上海交大南洋附属（昆山）学校','320583','','','');
INSERT INTO `middle_school` (`code`,`name`,`district_id`,`contact`,`tel`,`description`) VALUES ('32058309','昆山市国际学校','320583','','','');
INSERT INTO `middle_school` (`code`,`name`,`district_id`,`contact`,`tel`,`description`) VALUES ('32058310','昆山第一职业高级中学','320583','','','');
INSERT INTO `middle_school` (`code`,`name`,`district_id`,`contact`,`tel`,`description`) VALUES ('32058311','昆山第二职业高级中学','320583','','','');


/**
nation
**/
INSERT INTO nation(code,name) VALUES('1','汉族');   
INSERT INTO nation(code,name) VALUES('2','蒙古族');   
INSERT INTO nation(code,name) VALUES('3','回族');   
INSERT INTO nation(code,name) VALUES('4','藏族');   
INSERT INTO nation(code,name) VALUES('5','维吾尔族');   
INSERT INTO nation(code,name) VALUES('6','苗族');   
INSERT INTO nation(code,name) VALUES('7','彝族');   
INSERT INTO nation(code,name) VALUES('8','壮族');   
INSERT INTO nation(code,name) VALUES('9','布依族');   
INSERT INTO nation(code,name) VALUES('10','朝鲜族');   
INSERT INTO nation(code,name) VALUES('11','满族');   
INSERT INTO nation(code,name) VALUES('12','侗族');   
INSERT INTO nation(code,name) VALUES('13','瑶族');   
INSERT INTO nation(code,name) VALUES('14','白族');   
INSERT INTO nation(code,name) VALUES('15','土家族');   
INSERT INTO nation(code,name) VALUES('16','哈尼族');   
INSERT INTO nation(code,name) VALUES('17','哈萨克族');   
INSERT INTO nation(code,name) VALUES('18','傣族');   
INSERT INTO nation(code,name) VALUES('19','黎族');   
INSERT INTO nation(code,name) VALUES('20','傈僳族');   
INSERT INTO nation(code,name) VALUES('21','佤族');   
INSERT INTO nation(code,name) VALUES('22','畲族');   
INSERT INTO nation(code,name) VALUES('23','高山族');   
INSERT INTO nation(code,name) VALUES('24','拉祜族');   
INSERT INTO nation(code,name) VALUES('25','水族');   
INSERT INTO nation(code,name) VALUES('26','东乡族');   
INSERT INTO nation(code,name) VALUES('27','纳西族');   
INSERT INTO nation(code,name) VALUES('28','景颇族');   
INSERT INTO nation(code,name) VALUES('29','柯尔克孜族');   
INSERT INTO nation(code,name) VALUES('30','土族');   
INSERT INTO nation(code,name) VALUES('31','达斡尔族');   
INSERT INTO nation(code,name) VALUES('32','仫佬族');   
INSERT INTO nation(code,name) VALUES('33','羌族');   
INSERT INTO nation(code,name) VALUES('34','布朗族');   
INSERT INTO nation(code,name) VALUES('35','撒拉族');
INSERT INTO nation(code,name) VALUES('36','毛难族');
INSERT INTO nation(code,name) VALUES('37','仡佬族');
INSERT INTO nation(code,name) VALUES('38','锡伯族');
INSERT INTO nation(code,name) VALUES('39','阿昌族');
INSERT INTO nation(code,name) VALUES('40','普米族');
INSERT INTO nation(code,name) VALUES('41','塔吉克族');
INSERT INTO nation(code,name) VALUES('42','怒族');
INSERT INTO nation(code,name) VALUES('43','乌孜别克族');
INSERT INTO nation(code,name) VALUES('44','俄罗斯族');
INSERT INTO nation(code,name) VALUES('45','鄂温克族');
INSERT INTO nation(code,name) VALUES('46','崩龙族');
INSERT INTO nation(code,name) VALUES('47','保安族');
INSERT INTO nation(code,name) VALUES('48','裕固族');
INSERT INTO nation(code,name) VALUES('49','京族');
INSERT INTO nation(code,name) VALUES('50','塔塔尔族');
INSERT INTO nation(code,name) VALUES('51','独龙族');
INSERT INTO nation(code,name) VALUES('52','鄂伦春族');
INSERT INTO nation(code,name) VALUES('53','赫哲族');
INSERT INTO nation(code,name) VALUES('54','门巴族');
INSERT INTO nation(code,name) VALUES('55','珞巴族');
INSERT INTO nation(code,name) VALUES('56','基诺族');

/**
political_status
**/
INSERT INTO political_status(code,name) VALUES('01','中共党员');
INSERT INTO political_status(code,name) VALUES('02','中共预备党员');
INSERT INTO political_status(code,name) VALUES('03','共青团员');
INSERT INTO political_status(code,name) VALUES('04','民革党员');
INSERT INTO political_status(code,name) VALUES('05','民盟盟员');
INSERT INTO political_status(code,name) VALUES('06','民建会员');
INSERT INTO political_status(code,name) VALUES('07','民进会员');
INSERT INTO political_status(code,name) VALUES('08','农工党党员');
INSERT INTO political_status(code,name) VALUES('09','致公党党员');
INSERT INTO political_status(code,name) VALUES('10','九三学社社员');
INSERT INTO political_status(code,name) VALUES('11','台盟盟员');
INSERT INTO political_status(code,name) VALUES('12','无党派民主人士');
INSERT INTO political_status(code,name) VALUES('13','群众（现称普通公民）');
INSERT INTO political_status(code,name) VALUES('14','港澳同胞');